Optic_TM;Th;Color;Lines;TO;TO_dens;Roll;NewGroup;NewCombo;Quant;Vs;Downtime
1;20,00;8;2;1;11,02;360;0;;7,71;3,06;
1;20,00;7;2;1;11,02;360;0;;7,57;2,16;
1;20,00;8;2;1;11,02;360;0;;10,48;4,20;
1;20,00;8;2;1;11,02;360;0;1;11,06;1,86;0,46
1;20,00;8;2;1;11,02;360;0;;17,46;4,56;0,26
1;20,00;7;2;1;11,02;360;0;1;11,14;2,64;0,31
1;20,00;7;2;1;11,02;360;0;;14,25;3,90;0,20
1;20,00;9;2;1;10,44;380;0;1;11,30;4,38;
1;20,00;8;2;1;11,02;360;0;1;7,63;1,92;0,21
;12,00;4;2;1;18,86;640;1;1;4,90;3,48;
;12,00;5;2;1;18,86;640;1;1;5,34;4,56;
;12,00;5;2;1;12,55;640;1;1;4,79;4,80;
;12,00;5;2;1;9,41;640;1;1;5,54;4,44;
;12,00;5;2;1;9,41;640;0;;4,83;1,02;0,41
;12,00;4;2;1;18,86;640;1;1;5,53;3,90;
;30,00;8;2;2;10,56;360;0;1;10,80;2,22;0,41
;30,00;6;2;2;18,52;360;1;1;12,18;2,10;0,41
;30,00;7;2;1;8,99;500;1;1;7,47;1,44;0,54
;30,00;7;2;1;8,99;500;0;;11,19;3,96;
;30,00;5;2;1;18,52;360;0;1;11,75;4,86;
;30,00;8;2;2;8,99;500;0;1;11,38;1,98;0,17
;30,00;8;2;2;10,56;360;0;1;11,26;2,10;0,38
;25,00;8;4;1;13,23;600;0;1;10,91;4,68;
;12,00;6;5;1;24,84;660;0;;41,88;9,30;
;12,00;6;5;1;24,84;660;0;;54,55;16,80;
;12,00;10;6;2;35,84;620;1;1;14,59;3,78;
;12,00;8;3;1;14,43;420;0;1;15,06;2,10;0,36
;12,00;7;4;1;16,71;420;0;1;10,86;3,54;
;12,00;6;3;3;15,12;420;1;1;14,96;3,12;0,44
;12,00;6;3;1;11,26;480;0;1;23,08;6,00;0,13
;12,00;7;4;1;16,71;420;0;1;11,12;3,18;
;12,00;6;3;1;12,79;460;0;1;14,34;2,94;
;12,00;8;3;1;14,43;420;0;1;14,78;2,40;0,33
;12,00;10;6;2;35,84;620;0;1;23,02;5,52;
;12,00;8;3;1;13,80;460;0;1;8,91;1,62;0,42
;12,00;7;3;1;10,68;520;1;1;15,96;3,42;0,32
;12,00;7;3;1;10,68;520;1;1;15,29;3,60;0,27
;12,00;10;6;2;35,84;620;0;1;14,23;2,64;
;12,00;8;3;1;13,80;460;1;1;4,71;0,72;0,44
;12,00;1;3;1;10,68;520;1;1;4,68;4,68;
;12,00;6;4;1;15,12;420;0;1;14,43;5,22;
1;20,00;9;4;1;18,52;400;0;1;9,91;2,64;0,09
1;20,00;9;3;1;12,82;400;0;1;12,32;2,76;
;15,00;9;3;2;12,66;400;1;1;27,16;3,24;0,42
;20,00;4;16;1;242,42;440;0;;65,01;5,88;0,27
;20,00;4;16;1;242,42;440;0;;72,19;13,32;
;20,00;4;16;1;242,42;440;0;;76,77;9,06;0,16
;20,00;8;3;3;12,53;420;0;;15,04;6,24;
;20,00;5;3;1;17,36;360;0;;50,50;9,96;
;20,00;10;3;3;9,75;540;0;;15,66;6,72;
;20,00;8;3;3;9,75;540;0;1;16,62;3,12;0,34
;20,00;9;3;3;12,53;420;0;1;16,18;2,34;0,21
;20,00;8;2;2;7,41;540;0;1;16,19;1,92;0,47
;20,00;8;3;3;12,53;420;0;1;15,08;1,14;0,48
;20,00;7;3;3;12,53;420;0;1;14,50;1,56;0,41
;20,00;2;13;1;242,42;440;0;;26,31;9,84;
;20,00;6;4;2;18,47;380;0;1;25,37;2,70;0,32
;20,00;9;4;3;15,15;440;0;1;30,78;7,08;
;20,00;9;4;2;15,15;440;1;1;15,79;2,94;0,19
;20,00;8;3;3;12,53;420;0;1;15,85;2,10;0,44
;20,00;9;3;3;9,75;540;0;1;16,78;3,90;
;20,00;8;2;2;7,41;540;0;1;16,04;2,64;0,16
;20,00;7;3;3;12,53;420;0;1;16,54;4,44;
;20,00;7;3;3;12,53;420;0;1;14,67;3,12;0,18
;20,00;6;3;1;9,92;560;0;1;14,36;5,94;
;20,00;9;3;3;12,53;420;0;1;17,07;5,52;
;20,00;9;3;3;12,53;420;0;1;13,93;2,64;0,21
;20,00;6;2;2;7,41;540;0;1;8,46;2,82;
;20,00;7;2;2;7,41;540;0;1;14,47;6,42;
;20,00;9;3;3;9,75;540;0;1;15,69;3,54;0,32
;20,00;9;3;3;12,53;420;0;1;15,68;6,96;
;20,00;7;3;1;12,53;420;0;1;15,19;5,52;
;20,00;7;3;1;12,53;420;0;1;13,30;5,34;
;20,00;9;3;3;12,53;420;0;1;13,26;2,04;0,43
;20,00;9;3;3;12,53;420;0;1;14,82;5,58;
;20,00;7;3;3;12,53;420;0;1;15,87;3,06;0,45
;20,00;9;3;3;12,53;420;0;1;16,37;3,30;0,20
;20,00;8;8;8;50,17;460;1;1;15,89;4,74;
;20,00;9;3;2;12,53;420;0;1;15,67;4,56;
;20,00;6;4;1;15,15;440;0;1;15,08;4,50;
;20,00;8;4;2;15,15;440;0;1;18,02;2,88;0,27
;20,00;7;3;2;12,53;420;0;1;13,63;2,52;0,37
;20,00;3;5;1;27,36;680;0;1;15,85;3,66;0,46
;20,00;7;8;8;50,17;460;1;1;15,01;3,36;0,15
;20,00;9;2;2;7,41;540;0;1;15,80;3,96;
;20,00;10;3;3;9,75;540;0;1;15,50;3,78;
;20,00;8;3;2;12,53;420;0;1;14,59;7,02;
;20,00;7;3;3;12,53;420;0;1;14,19;4,98;
;20,00;7;3;3;12,53;420;0;1;15,42;6,84;
;20,00;7;3;3;12,53;420;0;1;16,82;8,40;
;20,00;8;3;3;12,53;420;0;1;15,49;6,90;
;20,00;8;3;3;9,75;540;0;1;14,44;4,92;
;20,00;2;4;1;35,56;500;1;1;28,16;10,56;0,19
;20,00;10;8;8;50,17;460;0;1;37,15;6,36;
;20,00;10;8;8;50,17;460;0;1;35,19;5,16;
;20,00;6;4;2;18,47;380;0;1;24,76;5,70;
;20,00;2;4;1;23,46;620;1;1;0,22;0,24;0,27
;20,00;9;2;2;7,41;540;0;1;15,49;3,00;0,52
;20,00;9;3;3;11,57;540;0;1;25,62;5,28;
;20,00;6;2;2;7,41;540;0;1;15,57;7,80;
;20,00;9;3;3;12,53;420;0;1;15,61;3,30;0,14
;20,00;10;3;3;9,75;540;0;1;16,12;3,60;0,13
;20,00;7;2;2;7,41;540;0;1;16,01;2,82;0,47
;20,00;10;3;3;12,53;420;1;1;14,57;1,68;0,53
;20,00;9;8;4;50,17;460;0;1;26,36;4,92;0,13
;20,00;7;2;2;7,41;540;0;1;15,80;5,76;
;20,00;6;3;3;12,53;420;0;1;16,14;3,48;0,11
;20,00;9;3;3;12,53;420;0;1;16,37;5,46;
;20,00;7;3;2;9,57;550;1;1;16,55;1,92;0,43
;20,00;9;3;2;12,53;420;0;1;16,98;3,84;0,15
;20,00;9;3;3;12,53;420;0;;16,11;4,20;0,26
;20,00;9;3;3;12,53;420;0;1;14,63;2,82;0,29
;20,00;10;3;3;12,53;420;0;1;17,09;4,26;
;20,00;10;8;5;50,17;460;1;1;14,14;2,16;0,38
;20,00;8;3;3;12,53;420;0;1;16,53;3,42;0,34
;20,00;8;8;4;50,17;460;0;1;26,38;4,92;0,22
;20,00;6;4;4;18,47;380;0;1;26,45;3,30;0,48
;20,00;6;4;4;18,47;380;0;1;24,60;3,48;0,33
;20,00;6;4;4;18,47;380;0;;25,55;6,84;
;20,00;6;4;4;18,47;380;0;;24,39;9,78;
;20,00;7;3;1;9,75;540;0;1;14,64;5,16;
;20,00;9;3;3;12,53;420;0;1;16,82;3,60;0,21
;20,00;7;3;1;12,53;420;0;;15,20;1,92;0,43
;20,00;9;3;3;12,53;420;0;1;16,85;5,34;
;20,00;6;4;1;15,15;440;0;1;25,45;8,70;
;20,00;8;3;3;12,50;500;0;1;23,74;4,14;0,17
;20,00;7;3;3;12,53;420;0;1;13,69;2,52;
;20,00;10;3;2;12,53;420;0;1;16,31;3,06;0,19
;20,00;8;3;2;12,53;420;0;1;14,64;5,16;
;20,00;7;3;1;12,53;420;0;1;15,31;3,84;
;20,00;7;3;1;12,53;420;0;;31,76;7,92;
;20,00;7;3;1;12,53;420;0;;14,86;2,70;
;20,00;7;3;1;12,53;420;0;;14,99;4,98;
;20,00;7;3;1;12,53;420;0;;16,68;4,44;
;20,00;10;3;3;9,75;540;0;1;15,53;3,24;0,14
;20,00;9;3;3;12,53;420;0;1;16,51;3,90;0,12
;20,00;7;3;3;9,92;560;0;1;19,43;4,38;0,15
;20,00;8;3;3;12,53;420;0;1;16,15;5,40;
;20,00;8;3;3;9,75;540;0;1;17,54;5,40;
;20,00;9;3;3;12,53;420;0;1;15,29;6,12;
;20,00;8;3;2;9,75;540;0;1;16,14;3,12;0,36
;20,00;7;3;3;12,53;420;0;1;14,83;2,52;0,42
;20,00;10;3;3;12,53;420;0;1;16,30;3,54;0,11
;20,00;8;4;2;15,15;440;0;1;30,45;6,18;0,10
;20,00;8;2;2;7,41;540;0;1;17,17;4,50;
;20,00;9;3;3;12,53;420;0;1;15,57;4,92;
;20,00;8;8;8;50,17;460;1;1;15,91;3,30;0,21
;20,00;8;3;3;12,53;420;0;1;16,47;3,96;0,20
;20,00;9;3;3;9,75;540;0;1;16,76;3,54;0,19
;20,00;7;3;1;12,53;420;0;1;30,09;8,22;
;20,00;6;4;3;18,47;380;0;1;27,18;5,46;0,10
;20,00;8;3;2;9,75;540;0;1;15,38;3,84;
;20,00;5;8;4;50,17;460;0;1;65,95;12,18;
;20,00;7;4;2;15,15;440;0;1;43,81;6,72;
;20,00;6;4;2;18,47;380;0;1;27,95;7,32;0,17
;20,00;5;8;4;50,17;460;0;1;48,99;4,74;
;20,00;5;8;4;50,17;460;0;;25,30;6,72;0,13
;20,00;8;2;2;7,41;540;0;1;15,69;5,22;
;20,00;10;3;3;12,53;420;0;1;16,06;4,56;
;20,00;8;4;2;15,15;440;0;1;26,65;4,02;
;20,00;8;4;2;15,15;440;0;;24,82;4,44;0,19
;20,00;6;4;1;15,15;440;0;1;15,68;2,52;0,38
;20,00;6;4;1;15,15;440;0;;14,38;2,76;0,41
;20,00;6;4;1;15,15;440;0;;24,86;3,24;0,48
;20,00;10;3;3;12,53;420;0;1;15,20;2,70;0,18
;20,00;6;3;3;12,53;420;0;1;14,52;2,82;0,13
;20,00;7;8;7;50,17;460;0;1;14,83;5,10;
;20,00;7;3;1;9,75;540;0;1;16,59;6,06;
;20,00;7;3;1;9,75;540;0;;14,84;3,48;
;20,00;10;3;3;9,75;540;0;1;16,94;3,96;
;20,00;7;3;1;12,53;420;0;1;30,17;9,54;
;20,00;7;3;1;12,53;420;0;;16,22;1,98;0,57
;20,00;9;3;3;12,53;420;0;1;15,89;4,14;
;20,00;10;3;3;9,75;540;0;1;16,60;5,22;
;20,00;7;4;1;15,15;440;0;;15,39;4,98;
;20,00;8;4;2;15,15;440;0;1;16,69;5,40;
;20,00;8;3;3;9,75;540;0;1;16,84;5,94;
;20,00;10;3;3;12,53;420;0;1;16,01;6,60;
;20,00;10;2;2;7,41;540;0;1;17,21;4,68;
;20,00;10;2;2;7,41;540;0;;16,78;2,70;0,35
;20,00;8;3;2;9,75;540;0;1;15,37;3,18;0,09
;20,00;8;3;2;9,75;540;0;;14,04;2,82;
;20,00;2;10;1;66,67;500;0;;14,73;4,20;0,48
;20,00;2;10;1;66,67;500;0;;13,74;4,98;0,39
;20,00;8;3;2;9,75;540;0;;15,09;5,82;
;20,00;7;3;1;9,92;560;0;;14,83;6,36;
;20,00;10;3;3;12,53;420;0;1;16,10;5,70;
;20,00;10;3;3;12,53;420;0;1;16,94;5,22;
;20,00;7;2;2;7,41;540;0;;15,46;2,76;0,37
;20,00;7;2;2;7,41;540;0;;14,37;3,72;
;20,00;7;2;2;7,41;540;0;;16,20;6,30;
;20,00;6;4;2;18,47;380;0;;26,49;2,64;0,04
;20,00;2;10;1;66,67;500;0;;15,24;5,52;0,18
;20,00;2;10;1;66,67;500;0;;13,61;1,98;0,68
;20,00;9;2;2;7,41;540;0;;16,94;4,08;
;20,00;8;3;2;17,36;360;0;;39,16;6,00;
;20,00;6;4;1;18,47;380;0;;25,20;5,04;0,23
;20,00;6;4;1;18,47;380;0;;25,09;2,40;0,47
;20,00;7;2;1;6,54;600;0;;16,96;4,62;
;20,00;8;3;1;17,36;360;0;;13,54;2,82;
;15,00;10;6;6;31,38;570;0;1;18,36;3,48;0,19
;20,00;5;9;1;61,73;540;0;;14,40;4,80;0,19
;20,00;5;9;1;61,73;540;0;;15,20;4,08;0,27
;20,00;1;8;1;17,92;360;0;;131,77;4,38;0,07
;20,00;1;8;1;17,92;360;0;;129,97;8,64;
;20,00;1;8;1;17,92;360;0;;129,01;12,18;0,09
;20,00;1;8;1;17,92;360;0;;131,45;20,76;
;20,00;1;7;1;16,33;350;0;;178,52;9,30;
;20,00;1;7;1;16,33;350;0;;128,50;22,02;
;20,00;1;7;1;16,33;350;0;;130,63;21,78;0,15
;20,00;1;7;1;16,33;350;0;;128,61;19,80;0,06
;20,00;1;7;1;16,33;350;0;;126,54;22,32;
;20,00;1;7;1;16,33;350;0;;181,63;26,88;
;20,00;1;7;1;16,33;350;0;;131,77;24,72;
;20,00;6;8;1;30,30;440;1;1;16,20;3,12;0,39
;20,00;7;4;1;15,26;460;0;1;12,92;3,12;
;20,00;9;6;2;30,96;510;0;1;15,50;1,92;0,34
;20,00;1;7;1;16,33;350;0;;130,61;4,98;0,10
;20,00;1;7;1;16,33;350;0;;130,12;11,82;
;20,00;1;7;1;16,33;350;0;;259,89;11,64;
;20,00;7;5;1;35,01;420;0;1;7,64;1,44;0,43
;20,00;7;8;3;45,25;510;0;1;15,97;5,46;
;20,00;7;8;3;46,30;480;0;1;25,19;4,44;
;20,00;9;6;2;36,24;460;0;1;16,69;4,38;
;20,00;7;8;2;46,30;480;0;1;50,56;1,92;0,24
;20,00;9;5;2;18,52;500;0;1;26,68;4,08;
;20,00;6;8;3;40,04;370;0;1;25,57;9,00;
;20,00;7;8;3;45,25;510;0;1;14,69;5,16;
;20,00;10;5;2;20,67;450;1;1;17,04;2,10;0,44
;20,00;10;4;4;13,33;600;0;1;27,06;4,80;0,13
;20,00;9;4;2;25,25;660;0;1;14,41;2,88;0,15
;20,00;7;8;5;46,30;480;0;1;25,63;3,54;0,34
;20,00;8;4;1;15,78;440;0;1;20,46;5,10;
;20,00;7;8;4;46,30;480;0;1;35,43;5,34;0,30
;20,00;7;8;4;46,30;480;0;;25,64;5,58;0,15
;20,00;7;4;3;11,49;580;0;1;14,90;3,78;0,26
;20,00;9;5;2;23,15;360;1;1;16,95;3,18;0,19
;20,00;9;5;2;18,52;500;0;1;25,96;7,80;
;20,00;7;6;2;36,73;660;0;1;16,06;6,00;
;20,00;9;3;3;16,38;370;0;1;152,49;12,36;
;20,00;7;8;5;46,30;480;0;1;21,36;6,60;
;20,00;9;4;2;13,33;600;0;1;15,81;7,02;
;20,00;9;4;3;13,33;600;0;1;26,05;3,84;0,10
;20,00;6;6;2;36,73;660;0;1;16,59;6,24;
;20,00;9;6;2;36,23;460;0;;16,30;4,26;
;20,00;2;5;1;32,73;390;1;1;0,37;0,48;
;20,00;2;6;1;38,46;390;1;1;0,33;0,66;
;20,00;9;6;3;36,24;460;0;1;15,71;4,26;
;20,00;9;6;3;36,24;460;0;;25,57;6,54;
;20,00;9;5;2;18,52;500;0;1;26,22;5,52;
;20,00;7;5;2;13,33;600;0;1;16,00;4,92;
;20,00;1;8;1;17,92;360;0;1;185,57;21,18;
;20,00;1;8;1;17,92;360;0;;128,77;19,56;0,19
;20,00;1;8;1;17,92;360;0;;175,83;9,78;0,10
;20,00;8;4;3;20,72;380;0;1;11,66;2,88;
;20,00;9;6;2;36,23;460;0;1;15,75;4,32;
;20,00;7;8;1;46,30;480;0;1;28,13;4,14;0,30
;20,00;7;5;2;13,33;600;0;1;16,48;3,30;
;20,00;6;8;3;40,04;370;0;1;26,30;8,10;
;20,00;6;8;3;40,04;370;0;;37,51;8,34;
;20,00;10;3;3;16,38;370;0;1;38,34;6,96;0,09
;20,00;7;4;1;11,49;580;0;1;7,92;1,08;0,56
;20,00;6;8;3;40,04;370;0;1;27,94;6,72;0,12
;20,00;6;8;3;40,04;370;0;;53,44;5,52;0,25
;20,00;10;4;3;13,33;600;0;1;24,64;4,08;0,16
;20,00;10;4;3;13,33;600;0;;26,27;4,32;0,16
;20,00;9;4;2;19,14;380;0;1;15,08;2,94;
;20,00;9;4;2;19,14;380;0;;14,70;4,38;
;20,00;7;4;3;11,49;580;0;1;14,69;4,20;0,19
;20,00;7;6;3;28,84;510;0;1;22,52;9,30;
;20,00;9;5;3;18,52;500;0;1;27,06;8,52;
;20,00;7;8;4;46,30;480;0;1;26,55;6,66;
;20,00;7;8;1;46,30;480;0;1;27,26;12,12;
;20,00;10;4;4;13,33;600;0;1;27,38;3,78;0,20
;20,00;7;8;4;45,25;510;0;1;26,92;5,40;0,18
;20,00;7;8;4;45,25;510;0;;26,46;5,46;0,10
;20,00;10;3;2;13,23;450;0;1;30,85;6,60;
;20,00;8;4;1;13,33;600;0;1;14,91;3,06;0,10
;20,00;8;4;1;13,33;600;0;;25,99;3,96;0,15
;20,00;8;3;2;13,23;450;1;1;104,63;7,62;0,07
;20,00;9;5;2;18,52;500;0;1;27,73;5,34;
;20,00;8;4;3;15,78;440;0;1;83,74;9,24;0,11
;20,00;7;8;2;45,25;510;0;1;15,68;5,52;
;20,00;7;8;2;45,25;510;0;;17,02;4,98;
;20,00;8;11;6;70,55;540;0;1;13,48;4,62;
;20,00;9;5;4;18,52;500;0;1;21,77;4,50;0,17
;20,00;8;3;1;13,23;450;1;1;13,87;2,10;0,16
;20,00;8;3;2;13,23;450;1;1;80,55;6,24;0,13
;20,00;7;8;5;46,30;480;0;1;27,17;10,20;
;20,00;8;4;2;13,33;600;0;1;17,50;6,36;
;20,00;5;12;5;70,55;540;0;1;12,48;3,12;0,42
;20,00;8;4;3;11,49;580;0;1;14,83;4,26;
;20,00;10;4;3;13,33;600;0;1;18,73;5,10;
;20,00;7;8;3;45,25;510;0;1;16,00;3,42;0,29
;20,00;9;5;3;18,52;500;0;1;28,24;7,68;
;20,00;9;6;2;36,23;460;0;1;17,33;6,12;
;20,00;10;4;3;25,25;660;0;1;15,97;5,82;
;20,00;7;8;5;46,30;480;0;1;27,72;4,08;0,29
;20,00;10;3;2;13,23;450;1;1;39,56;6,06;0,18
;20,00;6;6;2;36,73;660;0;1;17,88;6,30;
;20,00;9;6;3;36,23;460;0;1;17,02;3,00;0,44
;20,00;5;9;1;64,41;540;0;1;14,67;3,00;0,34
;20,00;10;4;2;13,33;600;0;1;16,36;4,26;
;20,00;7;4;3;11,49;580;0;1;16,19;2,22;0,41
;20,00;10;4;4;13,33;600;1;1;16,68;1,98;0,39
;20,00;7;4;1;11,49;580;0;1;15,59;5,70;
;20,00;10;4;2;25,25;660;1;1;14,85;2,28;0,36
;20,00;10;4;2;25,25;660;0;;15,52;4,14;
;20,00;10;4;2;25,25;660;0;;14,67;4,50;
;20,00;6;9;2;40,04;370;0;1;17,92;4,08;0,30
;20,00;8;4;3;20,72;380;1;1;13,57;2,64;0,34
;20,00;8;4;2;15,78;440;0;1;107,67;12,18;
;20,00;8;6;1;25,06;420;0;1;26,45;6,48;
;20,00;8;6;1;25,06;420;0;;27,30;5,94;
;20,00;8;6;1;25,06;420;0;;26,57;6,36;
;20,00;8;6;1;25,06;420;0;;27,34;5,58;
;20,00;8;4;3;15,78;440;1;1;70,03;7,38;0,30
;20,00;5;8;2;40,04;370;0;1;27,39;8,40;
;20,00;7;8;3;45,25;510;0;1;16,02;5,82;
;20,00;7;5;1;19,44;420;1;1;9,01;6,00;
;20,00;7;6;1;28,84;510;1;1;3,37;1,68;
;20,00;7;5;1;24,51;400;0;1;8,33;2,04;0,37
;20,00;5;12;5;70,55;540;1;1;16,12;5,70;0,09
;20,00;2;5;1;38,51;380;1;1;0,41;1,20;
;20,00;2;5;1;26,09;500;1;1;0,31;0,24;0,47
;20,00;7;8;5;46,30;480;0;1;27,47;4,32;0,18
;20,00;7;8;5;46,30;480;0;;26,28;3,30;0,19
;20,00;8;3;2;16,38;370;1;1;50,56;3,96;0,47
;20,00;6;8;3;40,04;370;0;1;28,74;7,86;
;20,00;10;4;2;13,33;600;0;1;17,86;3,36;0,19
;20,00;7;8;2;45,25;510;0;1;17,48;3,36;0,32
;20,00;9;5;3;18,52;500;0;1;27,89;6,18;
;20,00;7;3;1;9,18;660;0;1;17,35;7,44;
;20,00;7;3;1;10,58;620;0;1;28,05;6,72;
;20,00;9;3;3;16,38;370;0;;74,19;9,00;
;20,00;7;8;4;46,30;480;0;1;27,31;4,92;0,27
;20,00;7;8;4;46,30;480;0;;27,08;5,52;0,20
;20,00;5;6;1;21,65;440;0;1;15,33;2,64;0,49
;20,00;5;6;1;21,65;440;0;;15,40;8,04;
;20,00;7;8;4;46,30;480;0;1;22,92;3,60;0,34
;20,00;9;6;3;36,23;460;0;1;17,79;8,22;
;20,00;8;4;1;15,78;440;1;1;42,95;8,04;
;20,00;8;4;1;15,78;440;1;1;21,60;5,76;
;20,00;7;8;1;46,30;480;0;1;37,04;7,26;
;20,00;7;8;1;46,30;480;0;;28,19;4,20;0,31
;20,00;7;8;1;46,30;480;0;;26,84;1,50;
;20,00;9;9;1;56,98;540;0;;39,60;7,68;
;20,00;8;8;1;56,98;540;0;;38,42;7,08;
;20,00;10;5;3;25,25;660;0;1;20,31;4,20;
;20,00;9;5;2;18,52;500;0;1;27,61;5,82;
;20,00;9;5;2;18,52;500;0;;27,62;10,38;
;20,00;8;6;1;25,06;420;0;;26,67;4,68;0,12
;20,00;7;6;2;36,73;660;0;;15,81;4,20;
;20,00;9;9;1;56,98;540;0;;40,85;7,92;
;20,00;9;9;1;56,98;540;0;;27,61;6,12;
;20,00;9;9;1;56,98;540;0;;39,67;5,76;0,36
;20,00;9;9;1;56,98;540;0;;39,70;9,54;
;20,00;8;9;1;56,98;540;0;;41,14;9,90;
;20,00;8;9;1;56,98;540;0;;38,01;7,98;
;20,00;8;9;1;56,98;540;0;;40,30;6,72;
;20,00;8;9;1;56,98;540;0;;40,29;7,02;0,17
;20,00;6;2;2;8,99;500;0;;15,12;5,70;
;20,00;4;2;1;8,99;500;0;;13,93;10,44;
;20,00;1;8;1;17,92;360;0;;128,05;18,30;
;20,00;8;2;1;7,80;570;0;;17,39;4,98;
;20,00;6;8;2;43,57;510;0;;16,54;4,14;0,38
;20,00;10;4;3;25,25;660;0;;15,82;3,18;0,13
;20,00;10;4;3;25,25;660;0;;24,97;3,72;0,22
;20,00;9;4;2;19,14;380;0;;16,45;3,06;0,31
;20,00;7;3;2;10,81;500;0;;17,15;7,08;
;20,00;7;3;2;10,81;500;0;;15,83;4,50;
;20,00;8;3;3;10,81;500;0;1;16,05;5,82;
;20,00;5;2;1;10,00;460;0;1;9,74;4,20;
;20,00;6;2;1;10,00;460;0;1;13,59;6,78;
;20,00;6;2;1;10,00;460;0;;13,93;4,20;
;20,00;6;2;1;10,00;460;0;;9,23;4,08;
;20,00;5;2;1;7,66;600;0;1;9,83;7,38;
;20,00;6;2;1;7,66;600;0;1;28,48;8,16;
;20,00;6;2;1;7,66;600;0;;18,10;8,70;
;20,00;6;2;1;7,66;600;0;;17,90;3,84;0,18
;20,00;6;2;1;10,00;460;0;1;12,95;6,00;
;20,00;6;2;1;10,00;460;0;;9,09;1,32;0,54
;20,00;6;2;1;10,00;460;0;;18,92;8,40;
;20,00;6;2;1;10,00;460;0;;12,41;1,38;0,67
;20,00;6;2;1;7,66;600;0;1;15,13;8,28;
;20,00;6;2;1;7,66;600;0;;18,63;4,08;0,11
;20,00;6;2;1;7,66;600;0;;18,38;4,92;
;20,00;6;2;1;7,66;600;0;;18,57;4,98;
;20,00;5;3;1;11,43;500;0;;52,83;9,48;
;20,00;5;3;1;11,43;500;0;;53,50;11,04;
;20,00;8;5;1;30,99;440;0;1;17,82;6,30;
;20,00;8;3;1;12,43;680;0;1;6,65;2,10;
;20,00;10;3;3;12,43;680;1;1;5,17;0,96;0,35
;20,00;5;3;1;12,50;500;1;1;25,35;6,60;
;20,00;5;3;1;12,50;500;0;;49,71;9,48;
;20,00;5;3;1;12,50;500;0;;25,85;5,16;0,20
;20,00;5;3;1;12,50;500;0;1;24,93;8,10;
;20,00;5;3;1;12,50;500;0;;25,13;6,54;
1;20,00;10;4;2;22,70;660;0;;14,83;2,64;0,18
1;20,00;6;2;2;7,80;570;0;;16,55;4,74;0,12
1;20,00;8;3;2;11,90;480;0;;15,09;3,84;
1;20,00;10;9;1;56,98;540;0;;40,16;5,52;0,15
1;20,00;10;9;1;56,98;540;0;;58,24;5,52;0,17
1;20,00;10;9;1;56,98;540;0;;55,64;7,56;0,30
1;20,00;10;6;1;25,06;420;0;1;53,36;8,88;
1;20,00;4;8;1;30,30;440;1;1;14,27;2,82;0,54
1;20,00;7;3;2;13,59;460;0;1;15,06;1,86;0,22
1;20,00;9;3;1;10,68;520;0;1;16,82;3,18;0,25
1;20,00;8;4;3;23,77;660;0;1;32,98;6,06;0,43
1;20,00;6;4;1;23,77;660;0;1;26,28;7,02;
1;20,00;9;4;2;23,77;660;0;1;19,78;4,50;0,21
1;20,00;2;8;1;53,05;390;1;1;0,16;0,18;
1;20,00;2;5;1;36,36;500;1;1;0,19;0,24;
1;20,00;2;5;1;26,04;480;1;1;0,11;0,06;0,55
1;20,00;2;5;1;21,93;380;1;1;0,08;0,12;
1;20,00;10;3;3;11,90;480;1;1;13,91;1,98;0,33
1;20,00;7;2;2;7,80;570;0;1;15,69;4,20;
1;20,00;9;4;3;23,77;660;0;1;17,17;4,50;
1;20,00;8;4;2;22,70;660;0;1;27,40;7,14;
1;20,00;7;9;1;56,98;540;0;1;27,46;4,20;0,28
1;20,00;7;9;1;56,98;540;0;1;14,16;1,80;0,46
1;20,00;7;9;1;56,98;540;0;1;13,50;2,64;0,23
1;20,00;2;5;1;28,57;420;1;1;0,13;0,12;0,36
1;20,00;9;5;1;25,25;660;1;1;14,92;2,46;0,25
1;20,00;9;5;3;25,25;660;1;1;115,75;9,90;0,17
1;20,00;10;5;2;22,73;400;1;1;27,42;4,68;
1;20,00;9;4;2;22,70;660;0;1;14,72;4,08;
1;20,00;7;4;2;23,77;660;0;1;19,75;5,04;0,36
1;20,00;6;4;1;23,77;660;0;1;14,67;3,12;0,46
1;20,00;7;4;2;23,77;660;0;1;21,91;5,70;
1;20,00;6;4;1;23,77;660;0;1;11,69;5,22;
1;20,00;6;4;2;23,77;660;0;1;14,36;3,72;0,24
1;20,00;10;3;3;11,90;480;1;1;15,48;3,84;
1;20,00;9;4;1;14,93;500;0;1;20,05;3,06;0,30
1;20,00;9;3;3;10,68;520;0;1;51,80;8,16;
1;20,00;6;4;1;23,77;660;0;;51,11;7,50;
1;20,00;6;4;1;23,77;660;0;;33,19;6,12;0,29
1;20,00;6;4;1;23,77;660;0;;27,56;7,68;
1;20,00;8;10;4;61,73;540;1;1;16,42;2,64;0,32
1;20,00;3;1;1;3,17;350;1;1;1,13;0,54;0,54
1;20,00;8;10;4;61,73;540;1;1;16,00;2,88;0,25
1;20,00;10;5;2;22,73;400;1;1;17,36;5,34;
1;20,00;8;2;1;11,11;400;1;1;14,82;3,36;0,15
1;20,00;7;3;1;19,16;580;1;1;25,52;5,10;
1;20,00;7;4;2;15,26;460;0;1;16,85;3,36;0,20
1;20,00;8;4;2;23,77;660;1;1;31,77;5,04;0,36
1;20,00;6;4;1;23,77;660;0;1;16,21;9,24;
1;20,00;7;4;3;23,77;660;1;1;42,61;6,72;0,22
1;20,00;7;4;3;23,77;660;0;;35,90;4,50;0,35
1;20,00;7;4;3;23,77;660;0;;31,73;11,22;
1;20,00;8;3;3;10,68;520;0;1;29,04;6,72;
1;20,00;5;9;1;57,14;500;0;1;27,45;6,60;0,24
1;20,00;5;9;1;57,14;500;0;;26,48;7,38;
1;20,00;6;6;1;23,31;440;0;;51,60;9,36;
1;20,00;9;3;1;10,68;520;0;1;17,50;5,82;
1;20,00;7;9;4;76,92;400;0;1;15,77;3,18;0,30
1;20,00;9;3;3;10,68;520;0;1;15,95;2,40;
1;20,00;8;4;3;23,77;660;1;1;20,19;4,68;
1;20,00;8;4;2;23,77;660;1;1;31,88;4,68;
1;20,00;7;9;3;76,92;400;1;1;19,75;4,74;0,18
1;20,00;8;5;2;25,25;660;0;1;65,42;9,36;
1;20,00;8;4;2;23,89;460;0;1;50,62;7,98;
1;20,00;10;4;2;14,93;500;0;1;66,26;9,60;
1;20,00;6;6;1;23,31;440;1;1;26,69;5,10;
1;20,00;6;6;1;23,31;440;0;;38,79;11,10;
1;20,00;7;2;2;7,80;570;0;1;17,62;5,58;
1;20,00;9;5;2;25,25;660;0;1;66,11;6,48;0,31
1;20,00;9;10;4;61,73;540;1;1;16,58;4,86;
1;20,00;4;6;1;61,73;360;0;1;4,80;1,44;0,50
1;20,00;6;9;7;76,92;400;0;1;15,27;5,22;0,11
1;20,00;8;2;2;8,55;520;0;1;15,83;2,34;0,33
1;20,00;8;9;1;56,98;540;0;1;29,58;7,26;
1;20,00;10;3;1;10,68;520;1;1;9,25;1,80;0,23
1;20,00;8;3;2;10,68;520;0;1;19,57;3,48;0,29
1;20,00;7;3;2;13,59;460;1;1;17,21;4,20;
1;20,00;7;3;2;9,57;550;1;1;18,40;3,42;0,34
1;20,00;10;7;7;61,73;360;1;1;22,79;4,56;0,10
1;20,00;10;6;1;25,06;420;0;;14,31;5,22;
1;20,00;10;6;1;25,06;420;0;;13,76;2,16;0,32
1;20,00;2;9;1;60,00;400;1;1;0,31;0,48;
1;20,00;2;4;1;23,77;660;1;1;0,63;0,48;0,40
1;20,00;9;5;2;25,25;660;0;1;15,34;4,38;
1;20,00;8;5;2;25,25;660;0;1;17,44;3,60;0,21
1;20,00;8;6;1;25,06;420;0;;15,13;4,56;
1;20,00;8;6;1;25,06;420;0;;15,09;4,50;
1;20,00;8;6;1;25,06;420;0;;13,92;3,90;
1;20,00;10;6;1;25,06;420;0;1;15,05;3,36;
1;20,00;10;6;1;25,06;420;0;;14,26;3,42;0,08
1;20,00;10;6;1;25,06;420;0;;13,98;4,44;
1;20,00;10;3;2;15,43;360;1;1;28,33;4,32;0,23
1;20,00;7;3;1;15,43;360;0;1;28,92;7,26;
1;20,00;7;3;1;15,43;360;0;;27,71;6,42;0,12
1;20,00;7;3;1;15,43;360;0;;23,05;6,12;
1;20,00;7;3;1;15,43;360;0;;25,29;7,08;
1;20,00;8;6;1;25,06;420;0;1;14,84;3,90;0,13
1;20,00;9;4;1;14,93;500;1;1;29,17;4,92;0,17
1;20,00;8;9;1;56,98;540;1;1;26,38;5,16;
1;20,00;6;2;1;7,80;570;0;1;16,65;4,98;0,13
1;20,00;10;6;1;25,06;420;1;1;12,40;2,10;0,26
1;20,00;10;6;1;25,06;420;0;;15,45;4,74;
1;20,00;8;9;1;56,98;540;1;1;29,24;4,68;0,16
1;20,00;10;9;1;56,98;540;0;;14,34;2,28;0,31
1;20,00;10;9;1;56,98;540;0;;28,13;5,46;
1;20,00;10;9;1;56,98;540;0;;15,63;3,24;0,10
1;20,00;10;5;1;25,06;420;0;1;51,57;5,82;
1;20,00;8;2;2;8,55;520;1;1;16,92;3,78;0,11
1;20,00;9;4;1;14,93;500;1;1;58,27;7,62;
1;20,00;10;9;1;56,98;540;0;;29,76;4,98;0,06
1;20,00;10;9;1;56,98;540;0;;15,76;3,48;
1;20,00;10;6;1;25,06;420;0;;28,66;6,12;
1;20,00;10;6;1;25,06;420;0;;29,49;5,82;
1;20,00;10;6;1;25,06;420;0;;52,76;6,00;0,34
1;20,00;10;6;1;25,06;420;0;;52,83;11,10;
1;20,00;10;6;1;25,06;420;0;;55,81;14,58;
1;20,00;10;6;1;25,06;420;0;;51,78;9,72;
1;20,00;9;9;1;56,98;540;0;;14,59;2,70;0,23
1;20,00;9;9;1;56,98;540;0;;14,94;2,82;0,22
1;20,00;10;9;1;56,98;540;0;;14,05;2,70;
1;20,00;10;9;1;56,98;540;0;;15,10;4,14;
1;20,00;8;9;1;56,98;540;0;;55,20;12,48;
1;20,00;8;9;1;56,98;540;0;;28,77;6,42;
1;20,00;8;9;1;56,98;540;0;;83,07;11,58;0,05
1;20,00;8;9;1;56,98;540;0;;80,51;11,76;
1;20,00;8;9;1;56,98;540;0;;79,83;11,52;
1;20,00;9;3;3;10,68;520;0;;27,32;5,46;
1;20,00;8;3;1;11,66;440;0;;27,01;7,38;
1;20,00;8;3;1;11,66;440;0;;39,44;4,38;0,26
1;20,00;8;2;1;9,12;510;0;;15,62;2,64;0,34
1;20,00;8;2;1;9,12;510;0;;18,56;5,04;
1;20,00;5;2;1;9,12;510;0;;16,06;3,84;0,06
1;20,00;5;2;1;9,12;510;0;;18,64;5,88;
1;20,00;8;5;1;13,59;640;1;1;65,72;5,88;0,40
1;20,00;8;5;1;13,59;640;0;;67,13;9,18;0,13
1;20,00;6;2;1;7,41;600;1;1;17,00;3,66;0,36
1;20,00;6;2;1;7,41;600;0;;16,30;5,94;
1;20,00;6;3;1;15,63;400;1;1;15,88;3,72;0,16
1;20,00;7;2;1;5,77;680;1;1;16,15;1,92;0,56
1;20,00;7;3;1;11,66;440;0;;26,30;4,80;0,39
1;20,00;6;3;1;11,66;440;1;1;15,76;3,12;0,26
1;20,00;7;2;1;7,41;600;1;1;16,36;3,30;0,32
1;20,00;6;3;1;10,32;510;1;1;15,03;5,04;0,11
1;20,00;7;2;1;5,54;380;0;1;14,34;7,50;
1;20,00;6;2;1;6,54;600;1;1;14,98;7,80;
1;20,00;5;2;1;9,12;510;0;;18,79;3,42;0,20
1;20,00;7;2;1;9,12;510;0;;25,47;5,34;0,14
1;20,00;7;2;1;9,12;510;0;;26,19;6,54;
1;20,00;7;2;1;9,12;510;0;;26,60;4,68;0,18
1;20,00;7;3;1;11,66;440;0;;25,05;5,76;0,19
1;20,00;7;3;1;11,66;440;0;;26,27;5,82;0,19
1;20,00;10;2;1;10,22;450;0;;19,57;6,90;
1;20,00;10;2;1;10,22;450;0;;19,06;5,58;
1;20,00;10;2;1;10,22;450;0;;18,85;4,74;
1;20,00;10;2;1;10,22;450;0;;38,40;7,68;
1;20,00;10;2;1;10,22;450;0;;35,54;7,50;
1;20,00;10;2;1;10,22;450;0;;54,71;5,28;0,07
1;20,00;10;2;1;11,21;410;0;;17,98;5,70;
1;20,00;10;2;1;10,69;645;1;1;5,44;1,08;0,39
1;20,00;10;2;1;8,51;540;0;1;14,46;2,52;0,35
1;20,00;9;2;1;10,22;450;0;;9,45;4,92;
1;20,00;9;2;1;8,68;490;1;1;6,02;1,38;0,23
1;20,00;10;2;1;10,22;450;0;1;18,23;3,42;0,38
1;20,00;10;2;1;10,22;450;0;;18,59;4,38;
1;20,00;10;2;1;8,51;540;1;1;9,16;3,30;
1;20,00;10;2;1;11,21;410;0;1;5,52;0,96;0,50
1;20,00;10;2;1;11,21;410;0;;5,71;2,04;
1;20,00;10;2;1;8,21;560;1;1;9,41;1,20;0,50
1;20,00;10;2;1;8,21;560;0;;9,00;3,72;
1;20,00;9;2;1;10,22;450;0;1;17,71;2,76;0,16
1;20,00;9;2;1;10,22;450;0;;12,97;4,08;
1;20,00;9;2;1;10,22;450;0;1;9,17;2,82;
1;20,00;10;2;1;10,22;450;0;;13,50;3,24;
1;20,00;10;2;1;10,22;450;0;1;8,90;1,86;0,09
1;20,00;10;2;1;10,22;450;0;;18,48;2,52;0,39
1;20,00;10;2;1;10,22;450;0;;13,04;3,84;
1;20,00;8;2;1;11,34;420;1;1;7,17;1,20;0,46
1;20,00;10;2;1;11,21;410;1;1;5,74;2,64;
1;20,00;10;2;1;10,22;450;0;1;9,40;4,68;
1;20,00;10;2;1;10,22;450;0;;9,74;3,42;
1;20,00;10;2;1;11,21;410;0;1;5,58;2,82;
1;20,00;3;3;1;12,06;420;1;1;0,06;0,18;
1;20,00;10;2;1;10,22;450;0;1;9,20;2,88;
1;20,00;10;2;1;10,22;450;0;;12,60;2,70;0,20
1;20,00;10;2;1;7,18;640;0;;26,68;4,08;
1;20,00;10;2;1;7,18;640;0;;54,20;8,22;
1;20,00;2;3;1;12,08;460;1;1;0,27;0,54;
1;20,00;10;2;1;10,22;450;0;1;5,61;2,22;
1;20,00;10;2;1;10,22;450;0;;5,73;1,32;
1;20,00;10;2;1;10,22;450;0;;9,60;1,38;0,65
1;20,00;10;2;1;10,22;450;0;;27,13;4,44;
1;20,00;10;2;1;7,18;640;0;1;6,11;3,66;
1;20,00;10;2;1;7,18;640;0;;37,33;3,78;0,51
1;20,00;10;2;1;7,18;640;0;;38,00;6,18;
1;20,00;10;2;1;7,18;640;0;;18,03;5,52;
1;20,00;10;2;1;7,18;640;0;;36,85;7,62;
1;20,00;10;2;1;7,18;640;0;;17,95;4,08;
1;20,00;10;2;1;7,18;640;0;;27,50;6,90;
1;20,00;10;2;1;10,22;450;0;1;5,71;2,52;
1;20,00;10;2;1;10,22;450;0;;18,77;3,66;0,11
1;20,00;10;2;1;10,22;450;0;;18,20;4,26;
1;20,00;10;2;1;10,22;450;0;;28,15;6,06;
1;20,00;10;2;1;10,22;450;0;;18,24;5,76;
1;20,00;10;2;1;7,18;640;0;;19,88;6,84;
1;20,00;10;2;1;7,18;640;0;;13,18;4,14;
1;20,00;10;2;1;7,18;640;0;;28,41;4,50;0,11
1;20,00;10;2;1;7,18;640;0;;18,87;3,36;0,33
1;20,00;10;2;1;7,18;640;0;;14,19;4,98;
1;20,00;10;2;1;10,22;450;0;;17,64;5,70;
1;20,00;10;2;1;10,22;450;0;;19,26;4,80;
1;20,00;10;2;1;10,22;450;0;;28,09;6,24;
1;20,00;10;2;1;10,22;450;0;;10,21;2,64;
1;20,00;10;2;1;10,22;450;0;;9,46;1,92;0,15
1;20,00;10;2;1;10,22;450;0;;19,12;3,30;
1;20,00;10;2;1;10,22;450;0;;10,00;2,58;
1;20,00;10;2;1;10,22;450;0;;13,89;4,14;
1;20,00;10;2;1;10,22;450;0;;18,82;7,50;
1;20,00;10;2;1;10,22;450;0;;19,11;4,32;
1;20,00;10;2;1;10,22;450;0;;17,89;5,34;
1;20,00;10;2;1;10,22;450;0;;28,82;4,44;
1;20,00;10;2;1;7,18;640;0;;17,65;5,88;
1;20,00;10;2;1;7,18;640;0;;28,23;5,28;
1;20,00;10;2;1;7,18;640;0;;36,31;2,88;0,48
1;20,00;10;2;1;7,18;640;0;;36,68;7,74;
1;20,00;10;2;1;10,22;450;0;;13,26;3,18;
1;20,00;10;2;1;10,22;450;0;;9,25;1,68;0,37
1;20,00;10;2;1;7,18;640;0;;28,39;5,34;
1;20,00;10;2;1;7,18;640;0;;36,12;5,16;0,14
1;20,00;10;2;1;7,18;640;0;;37,14;7,68;
1;20,00;10;2;1;7,18;640;0;;35,66;6,66;
1;20,00;10;2;1;7,18;640;0;;19,50;7,32;
1;20,00;10;2;1;7,18;640;0;;28,24;8,04;
1;20,00;10;2;1;10,22;450;0;;13,37;3,00;
1;20,00;10;2;1;10,22;450;0;;13,05;6,54;
1;20,00;10;2;1;10,22;450;0;;12,63;5,04;
1;20,00;10;2;1;10,22;450;0;;12,96;3,12;
1;20,00;10;2;1;7,18;640;0;;19,22;10,02;
1;20,00;10;2;1;7,18;640;0;;26,96;5,28;
1;20,00;8;2;1;10,22;450;0;;9,48;4,08;
1;20,00;8;2;1;10,22;450;0;;13,25;6,36;
1;20,00;8;2;1;10,22;450;0;;12,97;4,86;
1;20,00;8;2;1;10,22;450;0;;9,01;2,64;
1;20,00;8;2;1;10,22;450;0;;13,04;4,92;
1;20,00;10;2;1;10,22;450;0;;5,92;1,68;
1;20,00;10;2;1;10,22;450;0;;55,95;5,76;
1;20,00;10;2;1;10,22;450;0;;59,98;6,42;
1;20,00;10;2;1;10,22;450;0;;10,02;3,54;
1;20,00;10;2;1;10,22;450;0;;28,37;5,52;0,11
1;20,00;10;2;1;10,22;450;0;;26,27;3,42;0,28
1;20,00;10;2;1;10,22;450;0;;5,14;0,78;0,51
1;20,00;10;2;1;10,22;450;0;;59,93;6,54;
1;20,00;10;2;1;10,22;450;0;;19,13;5,88;
1;20,00;10;2;1;10,22;450;0;;19,43;4,86;
1;20,00;10;2;1;10,22;450;0;;15,12;5,52;
1;20,00;10;2;1;10,22;450;0;;41,30;6,36;
1;20,00;10;2;1;10,22;450;0;;36,21;5,34;0,07
;12,00;2;4;1;21,74;460;1;1;0,11;0,06;0,56
;20,00;8;5;2;24,00;500;0;;263,34;11,34;0,19
;20,00;8;5;1;24,00;500;0;;166,55;11,16;0,09
;20,00;8;5;1;24,00;500;0;;185,81;10,86;0,07
;20,00;8;5;1;24,00;500;0;;292,39;16,50;0,10
;20,00;8;5;1;24,00;500;0;;164,77;9,00;0,10
;20,00;8;5;1;24,00;500;0;;134,50;12,30;
;20,00;8;5;4;24,00;500;0;1;34,27;8,22;
;20,00;9;5;3;24,00;500;0;1;122,51;4,92;0,34
;20,00;7;5;2;24,00;500;0;1;26,27;7,02;
;20,00;8;5;1;24,00;500;0;1;126,25;11,82;0,14
;20,00;4;5;2;24,00;500;0;1;66,27;7,44;0,11
;20,00;8;5;2;24,00;500;0;1;134,00;9,42;0,27
;20,00;7;5;1;24,00;500;0;1;106,63;6,30;0,25
;20,00;9;5;3;24,00;500;0;1;49,71;4,14;0,44
;20,00;8;4;2;18,43;350;0;1;26,64;8,22;
;20,00;4;5;4;24,00;500;0;1;38,42;9,42;0,24
;20,00;7;5;1;24,00;500;0;;210,89;15,36;
;20,00;7;5;2;24,00;500;0;1;66,80;8,04;0,18
;20,00;4;5;3;24,00;500;0;1;32,92;7,44;0,17
;20,00;8;5;2;24,00;500;0;1;389,68;9,48;0,01
;20,00;9;5;2;24,00;500;1;1;33,74;8,46;
;20,00;9;5;3;24,00;500;0;1;127,12;11,94;
;20,00;8;5;2;24,00;500;0;1;131,05;9,60;
;20,00;10;5;3;24,00;500;0;1;45,13;8,76;
;20,00;8;4;2;18,43;350;0;1;81,71;11,70;
;20,00;7;5;1;24,00;500;0;;128,76;13,56;
;20,00;7;5;1;24,00;500;0;1;157,09;11,76;
;20,00;7;5;1;24,00;500;0;;161,37;13,92;0,07
;20,00;7;5;2;24,00;500;0;1;38,45;6,30;0,21
;20,00;7;5;2;24,00;500;0;;34,46;7,38;
;20,00;7;5;2;24,00;500;0;1;52,40;11,22;
;20,00;10;5;5;24,00;500;1;1;44,73;6,78;
;20,00;4;4;2;22,20;510;0;1;132,79;15,30;
;20,00;4;4;2;22,20;510;0;1;131,08;12,48;0,10
;20,00;7;5;2;24,00;500;0;1;34,50;8,28;
;20,00;4;4;2;22,20;510;0;1;80,96;12,48;0,26
;20,00;8;5;2;24,00;500;0;1;132,12;7,68;0,11
;20,00;7;5;1;24,00;500;0;1;51,11;7,08;0,32
;20,00;4;5;2;24,00;500;0;1;39,97;9,24;0,12
;20,00;4;5;2;24,00;500;0;;41,45;8,58;0,38
;20,00;8;5;3;24,00;500;1;1;37,15;4,62;0,27
;20,00;10;5;2;24,00;500;0;1;66,39;7,02;0,13
;20,00;4;5;3;24,00;500;0;1;35,03;8,76;
;20,00;7;5;1;24,00;500;0;1;25,93;6,78;
;20,00;7;5;2;24,00;500;0;1;40,94;5,46;0,38
;20,00;8;5;2;24,00;500;0;1;131,81;15,84;
;20,00;10;4;3;24,00;500;0;1;25,48;4,62;0,18
;20,00;4;4;2;22,20;510;0;1;189,84;9,12;0,09
;20,00;8;5;4;24,00;500;0;1;28,24;5,22;0,09
;20,00;9;5;5;24,00;500;0;1;32,61;6,54;
;20,00;10;5;3;24,00;500;0;1;33,25;3,60;0,24
;20,00;9;5;3;24,00;500;0;1;34,06;4,62;0,11
;20,00;7;5;1;24,00;500;0;1;53,12;9,66;
;20,00;7;5;1;24,00;500;0;;52,83;11,34;
;20,00;7;5;1;24,00;500;0;;83,62;7,56;0,25
;20,00;7;5;1;24,01;500;0;1;25,52;3,66;0,42
;20,00;7;5;1;24,01;500;0;;27,13;7,38;
;20,00;7;4;2;24,00;500;0;1;40,57;5,70;0,22
;20,00;7;5;1;24,00;500;0;;52,95;9,36;0,13
;20,00;7;5;1;24,00;500;0;;167,32;14,88;
;20,00;7;5;1;24,00;500;0;1;26,90;5,40;0,20
;20,00;7;5;1;24,00;500;0;;27,13;6,66;
;20,00;7;5;1;24,00;500;0;;53,97;10,98;
;20,00;7;5;1;24,00;500;0;;58,20;7,74;0,27
;20,00;7;5;1;24,00;500;0;;137,67;15,72;0,06
;20,00;7;5;1;24,00;500;0;;136,46;16,56;
;20,00;7;5;1;24,00;500;0;;195,34;17,22;
;20,00;7;5;1;24,00;500;0;;137,85;19,26;
;20,00;7;5;1;24,00;500;0;;39,97;6,06;0,10
;20,00;7;5;1;24,00;500;0;;206,12;16,74;
;20,00;7;5;1;24,00;500;0;;110,01;15,00;
;20,00;7;5;1;24,00;500;0;;137,62;17,76;
;20,00;7;5;1;24,00;500;0;;133,89;17,88;
;20,00;7;5;1;24,00;500;0;;130,57;15,24;
;20,00;7;5;1;24,00;500;0;;105,07;14,34;
;20,00;7;5;1;24,00;500;0;;187,65;13,14;
;20,00;8;5;1;24,00;500;0;;71,09;8,82;0,07
;20,00;8;5;1;24,00;500;0;;105,97;7,68;0,18
;20,00;8;5;1;24,00;500;0;;75,41;9,60;
;20,00;8;5;1;24,00;500;0;;68,93;13,14;
;20,00;7;5;2;24,00;500;0;;42,29;10,56;
;20,00;7;5;1;24,00;500;0;;168,88;12,84;
;20,00;8;5;2;24,00;500;0;;131,30;15,42;
;20,00;8;5;2;24,00;500;0;;131,98;12,36;
;20,00;8;5;1;24,00;500;0;;26,44;4,68;
;20,00;8;5;1;24,00;500;0;;78,86;7,44;0,17
;20,00;8;5;1;24,00;500;0;;135,83;11,22;0,08
;20,00;8;5;1;24,00;500;0;;66,79;7,08;0,31
;20,00;8;5;2;24,00;500;0;;271,72;14,82;0,03
;20,00;8;5;2;24,00;500;0;;142,60;12,30;
;20,00;8;5;2;24,00;500;0;;138,74;8,52;0,08
;20,00;8;5;2;24,00;500;0;;142,60;15,54;
;20,00;8;5;2;24,00;500;0;;141,58;15,30;
;20,00;8;5;2;24,00;500;0;;130,62;13,38;
;20,00;8;5;2;24,00;500;0;;132,21;13,02;
;20,00;8;5;2;24,00;500;0;;139,43;10,98;0,04
;20,00;8;5;2;24,00;500;0;;104,83;14,28;
;20,00;8;5;2;24,00;500;0;;133,26;14,28;
;20,00;8;5;2;24,00;500;0;;121,16;11,34;0,11
;20,00;8;5;2;24,00;500;0;;121,20;12,00;0,07
;15,00;8;5;1;28,26;580;1;1;20,15;4,92;
;15,00;8;5;1;28,26;580;0;;24,32;5,04;0,28
;12,00;9;3;1;10,40;520;0;;6,85;1,08;0,39
;12,00;7;3;1;13,02;480;1;1;7,21;2,04;0,12
;12,00;8;6;6;34,48;450;1;1;6,15;1,50;0,36
;12,00;1;6;2;37,59;420;1;1;0,34;0,06;0,93
;12,00;9;6;6;33,90;450;1;1;6,68;1,68;0,11
;12,00;9;3;1;12,08;480;0;1;7,09;1,68;0,24
;12,00;5;4;1;14,49;460;0;1;7,25;2,28;0,29
;12,00;5;6;2;38,31;580;1;1;6,42;5,52;
;12,00;10;3;3;12,08;480;1;1;20,18;6,06;
;12,00;1;6;1;42,33;540;1;1;0,53;0,12;0,89
;12,00;8;6;1;34,48;580;1;1;6,87;1,14;0,42
;12,00;10;6;2;34,48;580;1;1;7,48;0,90;0,59
;12,00;10;6;2;34,48;580;0;;7,65;2,40;
;12,00;7;4;1;14,49;460;1;1;7,08;2,28;
;12,00;7;2;1;6,29;600;0;;6,26;1,86;0,22
;12,00;6;2;1;7,94;560;0;;10,25;3,18;
;12,00;6;2;1;7,94;560;0;;24,83;5,34;
;12,00;9;2;1;6,73;660;0;;5,76;2,76;
;12,00;9;2;1;8,55;520;0;;19,94;4,50;
;12,00;9;2;1;8,55;520;0;;20,32;4,38;
;12,00;7;2;1;6,29;600;0;1;5,86;1,08;0,30
;12,00;9;2;1;6,73;660;0;1;6,10;3,30;
;12,00;9;2;1;8,55;520;1;1;5,73;1,62;
;12,00;9;2;1;8,55;520;0;1;5,98;2,40;
;12,00;6;2;1;6,29;600;0;1;6,17;2,40;
;12,00;7;2;1;7,94;560;0;1;12,02;2,40;0,40
;12,00;9;2;1;7,55;500;0;1;25,04;3,78;0,20
;12,00;9;2;1;8,89;500;0;1;6,00;2,76;
;12,00;7;2;1;8,89;500;0;1;5,76;2,88;
;12,00;7;2;1;8,89;500;0;;9,76;1,38;0,46
;12,00;9;2;1;7,55;500;1;1;9,48;1,38;0,12
;12,00;9;2;1;7,55;500;0;;20,32;6,24;
;12,00;9;2;1;8,89;500;1;1;5,92;0,90;0,43
;12,00;9;2;1;8,89;500;0;1;5,98;2,16;
;12,00;9;2;1;8,89;500;1;1;28,37;3,72;0,29
;12,00;9;2;1;8,89;500;1;;29,11;5,28;
;12,00;9;2;1;8,89;500;0;;29,60;4,44;
;12,00;8;2;1;12,35;360;1;1;4,23;1,08;0,09
;12,00;8;2;1;12,35;360;0;;5,63;1,44;0,26
;12,00;9;2;1;8,89;500;1;1;6,00;2,34;
;12,00;7;2;1;4,97;380;0;;5,80;1,14;0,35
;12,00;7;2;1;4,97;380;0;;6,05;2,58;
;12,00;7;2;1;4,97;380;0;;5,67;0,60;0,58
;12,00;7;2;1;6,29;600;0;1;6,34;2,82;
;12,00;8;2;1;8,89;500;1;1;6,07;2,16;
;12,00;8;2;1;8,89;500;0;;6,13;2,52;
;12,00;9;2;1;8,89;500;0;1;8,15;1,62;
;12,00;6;2;1;5,39;350;1;1;6,00;0,90;0,41
;12,00;6;2;1;5,39;350;0;;5,87;3,72;
;12,00;7;2;1;8,89;500;1;1;6,16;2,16;
;12,00;7;2;1;8,89;500;0;;14,99;3,12;0,21
;12,00;7;2;1;4,97;380;0;1;5,60;1,56;0,30
;12,00;9;2;1;7,17;620;0;;14,56;3,36;
;12,00;8;2;1;8,89;500;1;1;5,94;1,20;0,34
;12,00;6;2;1;6,29;600;0;1;6,22;1,44;0,46
;12,00;2;1;1;4,81;660;1;1;0,13;0,06;0,73
;12,00;8;2;1;8,89;500;0;1;5,91;1,62;0,27
;12,00;8;2;1;8,89;500;0;;6,22;1,62;0,39
;12,00;9;2;1;7,17;620;0;;10,10;3,54;
;12,00;9;2;1;7,17;620;0;;10,11;5,04;
;12,00;9;2;1;7,17;620;0;;10,66;5,34;
;12,00;9;2;1;7,17;620;0;;10,22;11,16;
;12,00;9;2;1;7,17;620;0;;9,81;3,18;
;12,00;9;2;1;7,17;620;0;;15,41;6,60;
;12,00;9;2;1;8,55;520;0;;18,84;4,32;
;12,00;9;2;1;8,55;520;0;;20,38;5,70;
;12,00;9;2;1;8,55;520;0;;13,27;3,18;0,18
;12,00;9;2;1;8,55;520;0;;29,53;3,90;0,23
;12,00;9;2;1;8,55;520;0;;19,74;3,12;
;12,00;9;2;1;8,55;520;0;;19,72;3,48;
1;20,00;7;5;1;20,00;400;0;;24,14;4,62;
1;20,00;9;6;1;24,95;650;0;;14,54;6,72;
1;20,00;9;6;1;24,95;650;0;;14,60;12,54;
1;20,00;9;6;1;24,95;650;0;;14,37;4,02;
1;20,00;8;9;2;32,68;680;1;1;20,02;1,62;0,49
1;20,00;8;9;1;32,68;680;1;1;14,91;2,70;0,38
1;20,00;8;9;2;32,68;680;0;1;25,86;5,34;0,16
1;20,00;7;8;1;32,68;680;0;1;14,68;3,60;0,16
1;20,00;8;8;1;32,68;680;0;1;14,30;2,04;0,54
1;20,00;7;9;1;32,68;680;0;1;16,86;3,54;0,21
;20,00;7;3;1;10,68;480;0;;16,12;6,42;
;20,00;7;2;1;7,50;620;0;;16,02;4,20;0,13
;20,00;7;2;1;7,50;620;0;;15,56;3,66;0,51
;20,00;7;3;1;10,68;480;0;;15,17;2,22;0,37
;20,00;7;3;1;10,68;480;0;;14,85;3,18;0,32
;20,00;7;3;1;10,68;480;0;;15,03;4,62;
;20,00;10;5;1;21,93;380;0;1;25,25;4,08;0,07
;20,00;7;5;1;21,93;380;0;1;25,31;4,32;0,37
;20,00;10;5;1;21,93;380;1;1;72,01;4,86;0,23
;20,00;10;5;1;21,93;380;1;1;71,28;6,00;0,21
;20,00;7;5;1;21,93;380;0;1;14,37;2,94;
;20,00;7;5;1;21,93;380;0;1;27,40;6,30;0,12
;20,00;7;5;1;21,93;380;0;;25,97;5,46;
;20,00;7;5;1;21,93;380;0;;24,79;4,62;0,19
;20,00;1;14;1;148,15;360;1;1;0,22;0,36;0,50
;20,00;10;5;1;23,15;360;0;1;25,75;5,16;
;20,00;1;14;1;140,35;380;1;1;0,25;0,24;0,75
;20,00;10;4;1;21,93;380;0;1;53,58;4,62;0,24
;20,00;10;5;1;21,93;380;0;1;52,50;6,72;
;20,00;10;5;1;21,93;380;0;;26,14;4,74;
;20,00;10;5;1;21,93;380;0;;26,23;5,82;
;20,00;10;5;1;21,93;380;0;;51,92;7,02;
;20,00;10;5;1;21,93;380;0;;25,22;5,94;
;20,00;10;5;1;21,16;420;0;;51,65;5,76;0,20
;20,00;10;5;1;21,16;420;0;;26,55;4,80;0,24
;20,00;10;5;1;21,16;420;0;;24,79;2,82;0,51
;20,00;10;5;1;21,16;420;0;;26,23;4,86;0,26
;20,00;10;5;1;21,16;420;0;;26,77;4,80;0,12
;20,00;7;4;1;21,93;380;0;1;52,71;6,36;0,12
;20,00;10;5;1;21,93;380;0;;78,48;6,72;0,14
;20,00;10;5;1;21,93;380;0;;23,86;2,34;0,28
;20,00;10;5;1;21,93;380;0;;52,47;6,30;0,10
;20,00;10;5;1;21,93;380;0;;51,92;5,64;0,14
;20,00;10;5;1;21,93;380;0;;25,59;4,02;0,37
;20,00;10;5;1;21,93;380;0;;25,01;3,66;0,27
;20,00;7;3;1;10,68;480;0;;17,79;5,94;
;20,00;7;3;1;10,68;480;0;;15,43;4,86;0,16
;20,00;7;3;1;10,68;480;0;;16,81;5,94;
;20,00;10;5;1;21,93;380;0;;52,06;6,72;
;20,00;10;5;1;21,93;380;0;;52,38;6,48;
;20,00;10;5;1;21,93;380;0;;52,71;5,94;0,24
;15,00;7;5;1;20,00;400;0;;28,67;7,32;
;15,00;7;9;1;38,46;400;0;;74,13;11,10;
;15,00;10;6;2;25,25;440;0;;16,10;3,72;0,08
;15,00;8;8;2;33,67;440;0;;16,24;6,72;
;15,00;7;5;1;21,65;440;0;1;28,42;6,00;0,12
;15,00;5;6;1;23,31;440;1;1;16,21;4,86;0,30
;15,00;7;9;1;38,46;400;0;;105,48;7,02;0,12
;15,00;5;8;2;27,78;480;1;1;62,36;5,82;0,16
;15,00;8;4;2;13,23;560;1;1;27,50;4,98;0,18
;15,00;8;4;2;16,03;480;1;1;27,10;4,32;0,05
;15,00;6;6;1;27,70;380;1;1;12,55;3,60;
;15,00;7;5;1;20,66;440;1;1;13,78;3,66;0,13
;15,00;8;5;2;20,00;400;0;1;51,91;5,94;0,17
;15,00;7;5;3;20,00;400;1;1;27,72;7,26;
;15,00;7;9;1;38,46;400;0;1;12,44;1,92;0,44
;15,00;7;9;1;38,46;400;0;;16,83;3,90;0,23
;15,00;7;9;1;38,46;400;0;;45,03;8,34;
;15,00;7;9;1;38,46;400;0;;48,15;4,14;0,58
;15,00;8;5;2;20,00;400;0;1;39,13;4,86;0,46
;15,00;8;5;2;20,00;400;0;1;31,57;8,04;
;15,00;8;5;4;20,00;400;0;1;136,79;9,72;0,25
;15,00;7;6;1;21,65;440;0;1;23,82;4,38;0,28
;15,00;7;6;1;21,65;440;0;;15,08;4,20;0,23
;15,00;6;8;1;27,78;480;0;1;15,51;2,16;0,47
;20,00;5;5;1;20,66;440;0;;13,17;5,46;
;20,00;1;14;1;148,15;360;1;1;0,56;1,44;
;20,00;7;4;4;16,03;480;1;1;46,10;7,68;
;20,00;1;14;1;140,35;380;0;;0,83;1,98;
;20,00;1;5;1;20,16;620;1;1;0,18;0,12;0,68
;20,00;9;4;2;24,51;510;0;1;20,98;3,06;0,24
;20,00;7;4;2;24,51;510;1;1;27,93;4,38;0,31
1;20,00;10;3;1;10,42;600;0;;11,93;3,78;
1;20,00;10;3;1;10,42;600;0;;18,16;4,20;
1;20,00;1;3;1;11,90;480;1;1;0,47;1,14;
1;20,00;10;3;1;10,42;600;0;1;17,41;3,42;0,10
1;20,00;10;3;1;10,42;600;0;1;27,38;7,32;
1;20,00;10;3;1;10,42;600;0;1;53,63;5,64;0,23
1;20,00;10;3;1;10,42;600;0;;11,57;1,86;0,45
1;20,00;10;3;1;7,58;660;1;1;4,78;0,84;0,14
1;20,00;6;3;2;9,92;480;1;1;10,36;1,20;0,69
1;20,00;10;3;1;10,42;600;0;1;26,97;3,30;0,41
1;20,00;6;3;3;10,82;440;1;1;9,79;1,86;0,52
1;20,00;1;3;1;11,26;480;1;1;1,16;0,72;0,60
1;20,00;10;3;1;8,33;600;0;;5,01;0,78;0,45
1;20,00;10;3;1;8,33;600;1;1;5,63;1,98;
1;20,00;10;3;1;8,33;600;0;;5,28;2,04;
1;20,00;10;3;1;10,42;600;0;1;18,92;5,40;
1;20,00;10;3;1;10,42;600;1;1;5,71;0,90;0,14
1;20,00;10;3;1;10,42;600;0;;17,81;4,56;
1;20,00;10;3;1;10,42;600;0;;35,10;4,50;0,27
1;20,00;10;3;1;10,42;600;0;;37,20;8,58;
1;20,00;10;3;1;10,42;600;1;1;5,57;1,56;
1;20,00;10;3;1;10,42;600;1;1;5,88;1,86;
1;20,00;10;3;1;10,42;600;1;1;5,62;1,44;
1;20,00;10;3;1;8,33;600;1;1;5,78;1,86;
1;20,00;10;3;1;10,42;600;0;;28,70;7,68;
1;20,00;10;3;1;10,42;600;0;;28,09;5,10;
1;20,00;10;3;1;10,42;600;0;;51,90;7,08;0,09
1;20,00;10;3;1;10,42;600;0;1;25,97;5,88;
1;20,00;10;3;1;10,42;600;0;;19,74;4,92;
1;20,00;10;3;1;10,42;600;0;;36,25;5,70;0,18
;10,00;3;4;1;23,15;360;1;1;11,97;1,92;0,66
;10,00;4;4;2;23,15;360;0;1;26,34;9,90;
;20,00;2;3;1;16,10;460;1;1;0,26;0,78;
;23,00;2;3;1;12,40;480;1;1;0,51;0,42;
;30,00;9;2;2;8,55;520;1;1;9,88;1,98;0,30
;30,00;9;2;2;8,55;520;0;;16,00;2,76;0,29
;30,00;9;2;2;8,55;520;0;;16,20;3,90;
;30,00;2;6;1;98,04;360;0;1;0,29;0,30;0,50
;30,00;2;4;1;46,30;360;1;1;0,25;0,78;
;30,00;2;3;1;30,30;440;0;1;0,25;0,06;0,91
;30,00;9;2;2;8,55;520;0;;16,83;3,18;0,19
;30,00;9;2;2;8,55;520;0;;17,15;3,90;
;30,00;8;4;2;46,30;360;0;1;57,79;8,88;0,15
;30,00;8;7;1;98,04;360;0;1;71,86;12,00;
;30,00;8;4;1;30,30;440;0;1;29,93;7,32;
;30,00;9;2;2;8,55;520;1;1;10,28;1,86;0,40
;30,00;9;2;2;8,55;520;0;;16,40;4,08;
;30,00;9;2;2;8,55;520;0;;15,92;4,44;
;30,00;8;2;1;8,55;520;1;1;9,25;1,44;0,45
;30,00;8;2;1;8,55;520;0;;10,03;2,40;
;30,00;9;2;2;8,55;520;1;1;10,67;2,22;0,14
;12,00;8;4;2;17,86;400;1;1;7,72;0,84;0,63
;12,00;8;3;2;14,25;450;1;1;11,42;3,78;
1;20,00;8;4;2;15,81;460;0;1;71,74;7,08;0,13
1;20,00;8;4;2;15,81;460;0;1;36,26;10,38;
1;20,00;8;3;3;10,40;540;0;1;110,15;13,20;0,06
1;20,00;8;3;3;10,40;540;0;;81,25;9,00;
1;20,00;8;4;3;15,81;460;0;1;38,20;11,76;
1;20,00;8;4;1;15,81;460;0;1;54,62;10,38;
1;20,00;8;3;3;10,40;540;0;1;129,68;7,08;0,40
1;20,00;8;3;3;10,40;540;0;1;27,73;6,96;0,19
1;20,00;8;3;2;10,40;540;0;1;28,53;3,30;0,45
1;20,00;8;2;1;7,33;600;0;1;9,57;3,72;
1;20,00;8;4;3;15,81;460;0;1;67,86;7,38;0,11
1;20,00;8;3;3;10,40;540;0;1;105,94;10,86;0,15
1;20,00;8;2;1;8,50;560;0;1;14,10;2,04;0,53
1;20,00;8;3;3;10,40;540;0;1;103,31;10,02;0,25
1;20,00;4;2;2;8,61;560;0;1;36,00;5,04;0,17
1;20,00;8;4;4;15,81;460;0;;45,77;9,30;
1;20,00;8;3;3;10,40;540;0;1;105,94;7,68;0,27
1;20,00;8;3;1;12,90;500;0;1;45,48;11,40;
1;20,00;8;3;1;12,90;500;0;1;45,42;10,92;
1;20,00;8;3;3;10,40;540;0;1;45,72;6,96;0,30
1;20,00;8;3;1;10,40;540;0;1;45,80;11,94;
1;20,00;8;4;1;15,81;460;0;;38,65;4,62;0,11
1;20,00;8;4;1;15,81;460;0;;25,94;7,80;
1;20,00;8;4;2;15,81;460;0;1;54,02;9,00;
1;20,00;8;3;3;10,40;540;0;1;48,17;8,04;0,08
1;20,00;8;3;1;10,40;540;0;1;57,30;9,54;
1;20,00;8;4;4;15,81;460;0;1;54,53;8,16;
1;20,00;8;3;2;12,90;500;0;1;53,95;7,26;0,13
1;20,00;8;4;2;15,81;460;0;1;53,84;7,62;0,08
1;20,00;8;4;3;15,81;460;1;1;37,39;10,20;
1;20,00;8;3;1;10,40;540;0;1;28,40;9,18;
1;20,00;8;3;3;10,40;540;0;1;106,43;11,22;
1;20,00;8;4;1;15,81;460;0;1;37,11;9,66;
1;20,00;8;3;2;14,43;420;0;;1,26;8,40;
1;20,00;9;2;1;7,41;600;0;;16,11;5,70;
1;20,00;9;2;1;7,41;600;0;;13,84;3,96;
1;20,00;9;2;1;6,54;600;0;;24,13;6,30;
1;20,00;9;2;1;6,54;600;0;;23,75;5,10;
1;20,00;9;2;1;6,54;600;0;;17,32;3,90;0,11
1;20,00;9;2;1;6,54;600;0;;23,70;7,68;
1;20,00;10;2;2;7,41;600;0;1;24,01;5,52;
1;20,00;8;3;1;15,63;400;0;1;21,83;6,36;
1;20,00;10;3;3;15,63;400;1;1;14,06;3,00;0,14
1;20,00;9;2;2;6,54;600;0;1;24,05;5,46;
1;20,00;9;2;2;6,54;600;0;;24,45;3,84;
1;20,00;7;2;2;7,41;600;1;1;23,42;4,02;0,27
1;20,00;8;3;2;15,63;400;0;1;24,48;4,98;
1;20,00;10;2;2;7,41;600;0;1;23,61;5,64;
1;20,00;8;3;1;17,36;360;0;1;14,33;4,32;
1;20,00;9;2;2;5,77;680;0;;13,77;2,58;0,09
1;20,00;9;2;1;5,77;680;0;1;14,66;3,24;
1;20,00;10;2;2;7,41;600;0;1;23,54;5,22;
1;20,00;10;2;2;7,41;600;0;1;23,58;3,12;0,37
1;20,00;7;3;1;16,89;370;0;1;14,54;7,92;
1;20,00;9;2;2;7,41;600;0;1;24,51;8,64;
1;20,00;8;3;2;15,63;400;0;1;25,52;7,86;
1;20,00;8;3;2;12,02;520;0;1;10,54;2,46;
1;20,00;8;3;1;14,20;440;0;1;12,74;2,94;0,12
1;20,00;8;2;2;7,41;600;0;1;23,37;4,32;
1;20,00;10;2;2;7,41;600;0;1;22,68;5,64;
1;20,00;9;2;2;5,77;680;0;1;22,18;3,42;0,08
1;20,00;8;2;2;9,26;480;0;;23,25;3,42;0,26
1;20,00;8;2;2;9,26;480;0;;22,64;2,34;0,38
1;20,00;8;2;2;9,26;480;0;;19,41;4,68;
1;20,00;8;3;2;15,63;400;0;1;25,43;5,28;
1;20,00;10;2;2;6,54;600;0;1;17,89;4,98;
1;20,00;9;2;2;7,41;600;0;1;14,08;5,28;
1;20,00;10;2;2;6,54;600;0;1;32,89;4,08;0,33
1;20,00;10;2;2;6,54;600;0;;14,83;3,96;
1;20,00;8;3;3;15,63;400;0;1;19,88;2,82;0,31
1;20,00;6;2;1;5,77;680;0;1;14,97;3,54;0,35
1;20,00;8;2;1;7,41;600;0;1;14,63;4,86;
1;20,00;8;2;2;9,26;480;0;1;25,01;4,62;
1;20,00;10;2;2;6,54;600;0;1;25,14;6,54;
1;20,00;9;2;2;5,77;680;1;1;19,43;2,16;0,11
1;20,00;8;2;2;7,41;600;0;1;13,48;2,04;0,40
1;20,00;9;2;2;7,41;600;1;1;14,53;3,12;0,18
1;20,00;8;2;2;7,41;600;1;1;13,43;3,48;0,09
1;20,00;8;2;2;9,26;480;0;1;25,66;8,58;
1;20,00;8;2;1;8,23;540;0;1;15,82;8,28;
1;20,00;8;2;1;9,26;480;0;1;20,48;6,30;
1;20,00;10;2;2;6,54;600;0;1;24,14;4,80;0,10
1;20,00;9;2;1;5,60;350;0;1;15,46;8,46;
1;20,00;9;2;1;5,60;350;0;;23,42;6,24;
1;20,00;9;2;2;6,54;600;0;1;24,23;5,22;
1;20,00;7;2;1;9,26;480;0;;13,84;5,22;
1;20,00;7;2;1;9,26;480;0;;20,63;10,32;
1;20,00;7;2;1;9,26;480;0;;17,69;10,62;
1;20,00;7;2;1;9,26;480;0;;24,43;6,84;
1;20,00;7;2;1;9,26;480;0;;14,59;3,96;
1;20,00;8;2;1;5,77;680;0;1;14,29;3,66;0,13
1;20,00;8;3;2;15,63;400;0;;47,58;6,18;0,07
1;20,00;8;3;2;15,63;400;0;;13,63;3,90;
1;20,00;10;2;2;6,54;600;0;1;22,01;3,60;0,22
1;20,00;10;2;2;6,54;600;0;;24,71;3,48;0,22
1;20,00;8;2;1;6,54;600;0;1;14,04;4,44;
1;20,00;7;2;1;9,26;480;0;1;25,07;9,12;
1;20,00;10;2;2;7,41;600;0;1;50,77;8,34;
1;20,00;10;2;2;7,41;600;0;1;25,08;15,84;
1;20,00;8;3;3;15,63;400;0;1;25,28;5,16;0,14
1;20,00;8;3;3;15,63;400;0;;32,35;5,52;0,29
1;20,00;8;3;2;15,63;400;0;1;25,13;10,38;
1;20,00;8;3;2;15,63;400;0;;26,40;6,60;
1;20,00;8;3;1;15,63;400;0;;24,18;3,06;0,40
1;20,00;8;3;1;15,63;400;0;;22,77;5,16;
1;20,00;8;2;2;9,26;480;0;1;22,77;4,50;0,20
1;20,00;7;2;1;8,23;540;0;1;14,06;5,82;
1;20,00;7;2;1;8,23;540;0;;14,97;6,18;
1;20,00;10;2;2;5,60;350;1;1;22,69;4,38;
1;20,00;9;2;1;7,41;600;0;;24,72;4,20;0,23
1;20,00;9;2;1;7,41;600;0;;24,04;7,62;
1;20,00;9;2;1;7,41;600;0;;24,21;6,06;
1;20,00;9;2;1;7,41;600;0;;23,60;7,08;
1;20,00;9;2;1;7,41;600;0;;23,87;6,48;
1;20,00;9;2;1;7,41;600;0;;24,68;3,42;0,26
1;20,00;9;2;1;7,41;600;0;;24,68;5,46;
1;20,00;9;2;1;7,41;600;0;;22,98;6,54;
1;20,00;9;2;1;7,41;600;0;;18,18;13,62;
1;20,00;9;2;1;7,41;600;0;;23,02;3,72;0,32
1;20,00;8;2;1;7,41;600;0;;13,97;6,00;
1;20,00;9;2;1;7,41;600;0;;44,21;7,08;
;15,00;4;2;1;18,86;640;1;1;4,83;1,50;0,62
;15,00;4;2;1;18,86;640;0;;19,57;7,56;
;15,00;4;2;1;18,86;640;1;1;12,94;4,44;0,17
;15,00;4;2;1;12,55;480;1;1;7,45;3,42;0,15
;15,00;4;2;1;12,55;480;0;;5,31;3,36;
;15,00;5;2;1;9,41;640;1;1;5,37;2,04;
;15,00;2;2;1;12,55;480;1;1;51,10;8,52;0,25
;15,00;2;2;1;12,55;480;0;;47,64;6,42;0,11
;20,00;2;7;1;98,04;360;1;1;0,25;0,12;0,79
;20,00;2;4;1;30,30;440;1;1;0,26;0,54;
1;20,00;8;5;1;13,99;650;1;1;17,78;1,56;0,69
1;20,00;7;5;2;13,59;640;1;1;217,47;9,36;0,23
1;20,00;10;5;3;13,99;650;1;1;148,39;7,32;0,38
1;20,00;9;5;3;13,99;650;1;1;12,85;1,74;0,15
1;20,00;10;5;3;13,99;650;1;1;76,17;6,36;0,17
1;20,00;7;5;1;13,99;650;1;1;3,74;1,38;
1;20,00;7;4;2;28,26;580;1;1;14,92;4,38;
1;12,00;6;4;1;13,33;500;0;1;10,15;3,36;
;10,00;3;9;2;19,81;360;0;1;66,04;8,28;0,13
;10,00;3;9;2;19,81;360;0;;71,30;8,10;0,17
;10,00;3;8;2;19,67;360;0;1;66,55;9,06;
;10,00;3;8;2;19,67;360;0;;89,93;7,62;0,20
;10,00;3;8;2;19,67;360;0;;86,66;6,12;0,26
;23,00;2;2;1;19,34;440;0;1;0,05;0,12;
;23,00;2;1;1;10,81;500;0;1;0,07;0,06;0,67
1;20,00;10;5;4;24,00;500;1;1;138,62;9,18;0,04
;20,00;2;1;1;4,99;680;1;1;0,30;0,18;0,87
;10,00;3;8;2;19,67;360;0;;96,38;5,82;0,21
;10,00;3;8;2;19,67;360;0;;100,46;16,50;
;10,00;1;9;1;19,84;360;1;1;49,52;8,16;0,14
;10,00;1;9;1;19,84;360;0;1;88,90;6,84;0,27
;23,00;3;2;1;5,32;400;0;1;53,91;7,02;0,26
;23,00;3;4;1;8,49;380;1;1;0,71;1,08;
1;20,00;3;3;1;12,06;420;1;1;0,11;0,12;0,50
;15,00;8;2;1;12,55;480;1;1;4,26;0,90;0,36
;15,00;8;2;1;18,86;640;1;1;4,99;3,30;
;15,00;7;2;1;9,41;640;1;1;15,33;7,08;
;15,00;7;2;1;9,41;640;1;1;28,80;5,94;
;15,00;7;2;1;18,86;640;0;;5,49;2,64;
;15,00;7;2;1;18,86;640;1;1;5,17;1,38;0,20
;15,00;8;2;1;9,41;640;1;1;4,89;0,84;0,51
;15,00;8;2;1;18,86;640;1;1;7,55;1,38;0,46
;15,00;8;2;1;18,86;640;1;1;7,74;11,58;
;23,00;9;2;1;8,61;540;1;1;2,49;0,66;0,17
;23,00;9;2;1;8,61;540;1;1;2,88;1,26;
;23,00;9;2;1;8,61;540;0;1;2,63;0,48;0,41
;12,00;7;2;1;18,86;640;1;1;5,12;1,26;0,24
;12,00;7;2;1;18,86;640;1;1;4,57;0,96;0,28
;12,00;8;2;1;18,86;640;1;1;17,64;4,92;
;12,00;8;2;1;18,86;640;0;;10,82;2,76;
;12,00;8;2;1;18,86;640;0;;10,22;2,64;0,13
;12,00;8;3;1;12,99;440;1;1;24,12;5,10;
;12,00;8;3;1;11,20;510;1;1;12,84;2,10;0,38
;12,00;8;3;1;12,99;440;1;1;11,17;3,12;
;12,00;8;3;1;12,99;440;1;1;9,91;1,98;0,27
;12,00;8;3;1;11,20;510;1;1;4,39;0,78;0,56
;12,00;7;3;1;11,20;510;1;1;8,31;1,38;0,44
;15,00;8;2;1;9,41;640;1;1;5,02;1,38;0,27
;15,00;8;2;1;9,41;640;0;;5,33;1,14;0,32
;15,00;7;2;1;18,86;640;1;1;5,35;2,40;
;15,00;7;2;1;12,55;480;1;1;5,62;1,92;
;15,00;7;2;1;9,41;640;1;1;5,13;0,96;0,47
;15,00;7;2;1;9,41;640;0;1;5,24;0,90;0,57
;15,00;7;2;1;9,41;640;1;1;4,06;1,56;
;15,00;7;2;1;9,41;640;0;;5,46;0,84;0,56
;15,00;8;2;1;9,41;640;1;1;5,51;1,92;
;15,00;7;2;1;12,55;480;1;1;16,36;9,36;
;23,00;7;3;1;12,05;400;1;1;4,07;1,80;
;23,00;7;3;1;12,05;400;1;1;4,36;5,82;
;23,00;7;3;1;12,05;400;0;;6,97;2,64;
;23,00;7;3;1;12,05;400;0;;6,48;0,72;0,68
;23,00;7;3;1;12,05;400;0;;11,06;0,42;
;23,00;7;3;1;18,07;400;0;1;4,56;2,76;
;23,00;7;3;1;12,05;400;1;1;4,42;2,94;
;23,00;7;3;1;18,07;400;0;1;4,54;1,50;
;23,00;8;3;1;10,04;480;1;1;2,30;0,42;0,57
;23,00;8;3;1;12,05;400;1;1;2,30;0,36;0,63
;23,00;7;3;1;18,07;400;0;1;4,70;5,10;
;23,00;7;3;3;12,05;400;1;1;13,15;1,62;0,55
;23,00;7;3;1;12,05;400;0;1;3,89;1,08;0,23
;23,00;7;3;1;12,05;400;0;;4,23;1,74;
;23,00;7;3;1;18,07;400;1;1;3,87;0,84;0,21
;23,00;7;3;1;18,07;400;1;1;4,06;1,20;0,17
;23,00;7;3;1;18,07;400;0;1;4,28;0,84;0,46
;23,00;7;3;1;18,07;400;0;;4,75;1,50;0,32
;23,00;7;3;3;12,05;400;1;1;12,24;1,56;0,25
;23,00;7;3;1;12,05;400;0;1;4,40;1,38;0,08
;23,00;7;3;1;12,05;400;0;;4,74;1,50;
;23,00;7;3;1;12,05;400;0;;6,38;1,02;0,61
;23,00;7;3;1;12,05;400;0;;4,49;1,20;0,35
;23,00;7;3;1;12,05;400;0;;6,40;1,56;0,33
;23,00;8;2;2;8,74;480;1;1;4,86;1,14;0,24
;23,00;7;2;2;8,74;480;1;1;4,42;0,84;0,50
;23,00;7;2;1;8,74;480;1;1;6,82;1,62;0,24
;23,00;7;2;1;8,74;480;0;;10,24;2,46;0,32
;23,00;7;2;1;8,74;480;0;;10,11;0,96;0,75
;23,00;7;2;1;8,74;480;0;;14,89;3,06;0,21
;23,00;8;2;2;8,74;480;0;1;5,39;1,68;
;23,00;7;2;1;8,74;480;0;1;5,41;0,96;0,52
;23,00;7;2;2;8,74;480;1;1;5,42;2,10;
;23,00;7;2;2;8,74;480;1;1;5,28;2,64;
;23,00;8;2;2;8,74;480;1;1;5,27;2,04;
;23,00;10;2;2;8,74;480;1;1;5,44;1,38;
;23,00;8;2;2;8,74;480;0;1;5,38;0,60;0,68
;23,00;8;2;2;8,74;480;1;1;5,21;0,90;0,56
;23,00;7;2;2;8,74;480;0;;5,19;1,56;0,15
;23,00;8;2;1;8,74;480;0;1;5,11;1,20;0,22
;23,00;8;2;1;8,74;480;0;;5,36;1,08;0,21
;23,00;8;2;1;8,74;480;0;1;2,69;0,66;0,47
;23,00;8;2;1;8,74;480;0;;5,30;0,90;0,49
;23,00;8;2;2;8,74;480;1;1;5,28;0,84;0,62
;23,00;7;2;1;8,74;480;1;1;2,72;1,26;
;23,00;7;2;1;8,74;480;1;1;5,32;1,92;
;23,00;7;2;1;8,74;480;1;;5,17;5,16;
;23,00;7;2;1;8,74;480;0;;5,17;2,22;
;23,00;7;2;1;8,74;480;0;;12,99;3,30;0,13
;23,00;7;2;2;8,74;480;1;1;5,00;1,14;0,37
;23,00;8;2;1;8,74;480;1;1;7,72;1,44;0,32
;23,00;8;2;1;8,74;480;0;;10,13;1,32;0,44
;23,00;8;2;1;8,74;480;0;;10,35;2,28;0,27
;23,00;8;2;1;8,74;480;1;1;9,97;1,74;0,19
;23,00;8;2;1;8,74;480;0;;7,81;2,10;
;23,00;8;2;1;8,74;480;1;1;7,77;2,58;
1;20,00;9;6;1;25,06;420;0;;1,42;1,20;
;23,00;4;2;1;12,55;480;0;;5,14;3,06;
;23,00;7;2;1;8,74;480;1;1;2,59;1,08;
;23,00;7;2;1;8,74;480;0;;2,64;1,14;
;23,00;7;2;2;9,41;640;1;1;10,64;2,88;
;23,00;7;2;1;18,86;640;1;1;5,63;1,74;
;23,00;7;2;1;9,41;640;1;1;10,59;1,62;0,56
;23,00;7;2;1;9,41;640;1;1;10,82;3,42;
;20,00;2;4;1;14,25;540;1;1;0,40;0,42;0,33
1;20,00;7;3;1;11,76;500;1;1;7,49;3,30;
1;20,00;7;7;1;35,84;620;1;1;5,87;1,02;0,49
1;20,00;8;4;1;14,49;460;1;1;5,87;1,38;0,24
1;20,00;8;5;1;25,51;480;0;1;6,50;3,00;
1;20,00;8;2;1;8,63;460;1;1;7,02;2,34;
1;20,00;8;2;1;11,02;360;0;1;9,91;3,30;
1;20,00;8;2;1;11,02;360;0;;10,91;4,50;
1;20,00;8;2;1;11,02;360;0;;10,40;12,48;
1;20,00;8;2;1;8,63;460;1;1;9,60;5,22;
1;20,00;8;2;1;8,63;460;1;;10,88;9,30;
1;20,00;8;2;1;11,02;360;0;1;10,72;8,58;
1;20,00;8;2;1;8,63;460;0;1;10,98;6,00;
;20,00;3;5;1;29,33;620;0;;32,37;8,10;
;20,00;3;5;1;29,33;620;0;;45,14;5,10;0,26
;20,00;3;5;1;29,33;620;0;;69,97;10,14;
;20,00;3;5;1;29,33;620;0;;42,58;5,10;0,50
;20,00;3;5;1;29,33;620;0;;62,85;3,12;0,10
;20,00;3;5;1;29,33;620;0;;31,92;4,14;0,46
;20,00;8;6;1;44,59;460;0;;100,31;2,88;0,03
;20,00;10;6;1;44,59;460;0;1;36,83;9,60;
;20,00;10;6;1;44,59;460;0;;333,13;11,46;0,22
;20,00;10;6;1;44,59;460;0;;117,52;8,58;0,13
;20,00;10;6;1;44,59;460;0;;245,07;12,00;0,20
;20,00;10;6;2;44,59;460;0;1;126,14;5,58;0,03
;20,00;8;6;1;44,59;460;1;1;50,88;4,86;0,22
;20,00;7;6;1;44,59;460;0;;99,44;9,96;0,13
;20,00;7;6;1;44,59;460;0;1;69,36;9,06;
;20,00;3;5;1;29,33;620;1;1;47,69;5,16;0,23
;20,00;7;6;1;44,59;460;1;1;120,04;10,02;0,17
;20,00;7;6;1;44,59;460;0;;218,20;9,36;
;20,00;10;6;1;44,59;460;0;1;352,86;13,86;
;20,00;10;6;1;44,59;460;0;;291,79;11,34;0,04
;20,00;10;6;1;44,59;460;0;;426,71;12,90;
;20,00;10;6;1;44,59;460;0;;210,57;10,80;0,19
;20,00;10;6;1;44,59;460;0;;331,60;12,60;
;20,00;9;6;2;44,59;460;0;1;137,64;12,12;0,04
;20,00;7;6;1;44,59;460;0;1;69,52;8,40;0,08
;20,00;7;6;1;44,59;460;0;;97,07;9,54;0,12
;20,00;7;6;1;44,59;460;0;1;144,69;11,58;
;20,00;7;6;1;44,59;460;0;;145,28;11,16;0,28
;20,00;10;6;1;44,59;460;0;1;432,31;12,06;0,08
;20,00;10;6;1;44,59;460;0;;152,19;13,32;
;20,00;10;6;1;44,59;460;0;;274,47;11,10;
;20,00;3;6;1;40,65;360;1;1;120,15;14,58;0,17
;20,00;3;6;1;40,65;360;0;;113,60;16,80;
;20,00;3;6;1;40,65;360;0;;116,27;8,64;0,06
;20,00;7;6;1;44,59;460;0;1;40,46;6,66;0,18
;20,00;7;6;1;44,59;460;0;;40,60;9,36;
;20,00;8;6;1;44,59;460;1;1;78,00;6,00;0,12
;20,00;10;6;1;44,59;460;0;;117,88;11,88;
;20,00;10;6;1;44,59;460;0;;321,63;11,16;0,07
;20,00;10;6;1;44,59;460;0;;22,07;3,06;0,33
;20,00;7;6;1;44,59;460;0;1;113,43;11,64;0,14
;20,00;7;6;1;44,59;460;0;;60,67;6,24;0,34
;20,00;7;5;1;44,59;460;0;1;53,44;7,80;0,07
;20,00;7;6;1;44,59;460;0;1;102,91;9,96;
;20,00;7;6;1;44,59;460;0;;95,59;8,94;0,05
;20,00;7;6;1;44,59;460;0;;118,74;13,56;
;20,00;10;6;1;44,59;460;0;1;426,26;12,00;
;20,00;10;6;1;44,59;460;0;1;32,22;6,24;
;20,00;10;6;1;44,59;460;0;;333,56;9,96;0,08
;20,00;9;6;1;44,59;460;0;;430,06;12,00;
;20,00;9;6;1;44,59;460;0;;0,14;0,06;
;20,00;7;6;1;44,59;460;0;1;70,85;12,66;
;20,00;7;6;1;44,59;460;0;;64,81;8,64;0,09
;20,00;7;6;1;44,59;460;0;;122,15;11,28;0,05
;20,00;7;6;1;44,59;460;0;;140,83;7,08;0,31
;20,00;4;6;2;40,65;360;0;;117,89;17,46;
;20,00;4;6;2;40,65;360;0;;119,92;19,74;
;20,00;4;6;2;40,65;360;0;;234,62;9,00;
;20,00;9;6;1;44,59;460;0;1;437,71;10,56;
;20,00;9;6;1;44,59;460;0;;401,21;6,48;0,03
;20,00;9;6;1;44,59;460;0;;421,86;9,24;0,16
;20,00;10;6;1;44,59;460;0;;295,00;10,74;
;20,00;10;6;1;44,59;460;0;;161,47;10,56;
;20,00;10;6;1;44,59;460;0;;265,28;12,06;
;20,00;7;6;1;44,59;460;1;1;70,78;6,36;0,28
;20,00;7;6;1;44,59;460;0;;82,93;11,46;
;20,00;4;6;2;40,65;360;0;1;228,72;4,98;0,09
;20,00;10;6;1;44,59;460;0;;448,06;13,26;0,03
;20,00;10;6;1;44,59;460;0;;107,82;11,76;
;20,00;10;6;1;44,59;460;0;;452,93;15,12;0,13
;20,00;10;6;1;44,59;460;0;;139,96;10,50;
;20,00;10;6;1;44,59;460;0;;445,55;12,90;
;20,00;10;6;1;44,59;460;0;;106,83;12,54;
;20,00;7;6;1;44,59;460;0;;49,29;12,84;
;20,00;9;6;2;44,59;460;0;1;82,27;7,80;0,23
;20,00;7;6;1;44,59;460;0;1;70,04;8,16;
;20,00;7;6;1;44,59;460;0;;70,26;10,56;
;20,00;7;6;1;44,59;460;0;;53,30;7,98;
;20,00;10;6;1;44,59;460;0;1;364,95;12,06;0,05
;20,00;3;5;1;40,65;360;0;;94,59;6,60;
;20,00;3;5;1;40,65;360;0;;106,59;5,28;0,19
;20,00;3;5;1;40,65;360;0;;91,48;5,22;0,10
;20,00;2;6;1;44,59;460;0;;0,83;1,14;
;20,00;9;3;3;16,38;370;1;1;46,19;7,08;
;20,00;7;6;1;44,59;460;0;1;67,96;7,86;0,07
;20,00;2;5;1;29,33;620;0;;165,92;5,28;
;20,00;2;5;1;29,33;620;0;;189,71;15,00;0,14
;20,00;2;5;1;29,33;620;0;;165,56;17,88;
;20,00;2;5;1;29,33;620;0;;189,84;14,70;0,11
;20,00;7;6;1;44,59;460;0;;73,42;7,20;0,07
;20,00;3;5;1;40,65;360;0;;95,54;6,72;0,08
;20,00;10;6;1;44,59;460;0;;151,23;10,44;
;20,00;10;6;1;44,59;460;0;;438,85;12,48;0,05
;20,00;10;6;1;44,59;460;0;;49,12;8,16;
;20,00;4;5;2;29,33;620;0;;127,98;15,54;
;20,00;2;5;1;29,33;620;0;;112,20;9,42;0,10
;20,00;2;5;1;29,33;620;0;;152,87;3,36;0,07
;20,00;3;6;1;40,65;360;0;;118,78;6,78;0,28
;20,00;3;6;1;40,65;360;0;;119,22;8,76;
;20,00;10;6;1;44,59;460;0;;439,77;12,66;0,04
;20,00;10;6;1;44,59;460;0;;430,35;13,44;
;20,00;10;6;1;44,59;460;0;;128,54;14,28;
;20,00;10;6;1;44,59;460;0;;435,44;13,02;
;20,00;2;4;1;20,96;360;0;;28,28;8,10;0,29
;20,00;2;4;1;19,86;380;0;;25,63;11,82;
;20,00;2;4;1;19,86;380;0;;31,79;12,72;
;20,00;3;6;1;40,65;360;0;;138,50;9,12;
;20,00;3;6;1;40,65;360;0;;96,67;6,36;0,15
;20,00;3;6;1;40,65;360;0;;237,39;18,12;
;20,00;3;5;1;29,33;620;0;;46,40;5,28;0,32
;20,00;3;5;1;29,33;620;0;;32,58;1,62;0,09
;20,00;3;5;1;40,65;360;0;;47,08;5,34;0,09
;20,00;3;5;1;40,65;360;0;;119,67;12,84;
;20,00;2;4;1;20,96;360;0;;27,45;10,98;0,13
;20,00;2;4;1;20,96;360;0;;40,50;12,12;
1;20,00;8;3;1;14,43;420;0;;12,65;2,52;0,37
1;20,00;8;3;1;14,43;420;0;;12,75;4,14;
1;20,00;6;3;1;13,77;440;0;;11,70;3,90;
1;20,00;10;3;2;12,63;480;0;;4,09;3,60;
1;20,00;10;3;2;12,63;480;0;1;16,28;4,68;
1;20,00;10;3;3;12,63;480;0;1;31,24;8,16;
1;20,00;8;3;1;10,45;580;0;1;11,12;3,72;0,17
1;20,00;8;3;1;12,12;500;1;1;11,63;3,06;
1;20,00;8;3;1;12,63;480;1;1;15,92;2,76;0,19
1;20,00;10;3;3;12,63;480;0;1;34,11;3,36;0,31
1;20,00;8;3;2;14,43;420;0;1;9,66;2,58;
1;20,00;7;3;1;12,63;480;0;1;10,07;2,76;0,27
1;20,00;7;3;1;10,45;580;0;1;11,11;3,90;
1;20,00;10;3;3;12,63;480;0;1;18,16;4,38;
1;20,00;8;3;1;13,77;440;1;1;10,86;2,64;0,24
1;20,00;8;3;1;12,12;500;1;1;11,11;3,60;
1;20,00;8;3;1;11,22;540;1;1;11,78;8,34;
1;20,00;8;3;3;12,12;500;1;1;33,06;7,32;
1;20,00;8;3;1;12,12;500;0;1;11,12;6,36;
1;20,00;10;3;2;14,43;420;0;1;16,13;4,74;
1;20,00;9;3;2;10,45;580;0;1;11,27;2,94;
1;20,00;7;3;2;12,63;480;0;1;16,13;4,74;
1;20,00;8;3;1;12,63;480;0;1;11,95;7,20;
1;20,00;9;3;2;14,43;420;1;1;16,50;4,74;
1;20,00;8;3;1;14,43;420;0;1;11,45;9,84;
1;20,00;9;3;2;12,63;480;0;1;17,75;5,94;
1;20,00;8;3;1;12,63;480;0;1;13,41;4,74;
1;20,00;8;3;1;12,63;480;0;;12,05;4,26;
1;20,00;10;3;2;14,43;420;1;1;11,34;5,64;
1;20,00;9;3;2;12,63;480;0;1;16,92;6,78;
1;20,00;9;3;2;12,63;480;0;1;17,44;6,78;
;12,00;1;3;1;11,57;480;1;1;0,36;0,48;0,44
;20,00;7;2;1;8,99;500;0;1;11,10;2,64;0,24
;20,00;8;2;2;8,99;500;0;1;13,16;2,28;0,39
;30,00;7;2;1;8,99;500;0;;9,80;2,88;0,15
;30,00;7;2;1;8,99;500;0;;10,48;3,30;
;30,00;8;2;2;7,25;620;0;1;46,65;7,26;
;30,00;8;2;2;7,25;620;0;;18,88;3,78;
;30,00;8;2;2;7,25;620;0;;36,48;6,84;
;30,00;6;2;1;7,25;620;0;1;18,85;4,02;0,14
;30,00;8;2;1;7,25;620;0;1;18,48;4,20;
;30,00;8;2;2;8,32;540;0;;18,72;5,10;
;30,00;8;2;1;8,32;540;1;1;10,81;2,22;0,21
;30,00;6;2;1;8,99;500;1;1;10,29;2,04;0,48
;30,00;6;2;1;8,99;500;0;;11,23;3,66;0,16
;30,00;6;2;1;7,25;620;0;1;15,04;3,24;
;30,00;6;2;1;7,25;620;0;;29,56;4,56;0,33
;30,00;6;2;1;7,25;620;0;;28,47;8,16;
;30,00;6;2;1;7,25;620;0;;9,96;3,24;0,11
;30,00;6;2;1;7,25;620;0;;19,96;3,54;0,56
;30,00;9;2;2;7,25;620;0;1;19,76;3,84;0,27
;30,00;9;2;2;7,25;620;0;;18,62;2,40;0,38
;30,00;8;2;2;8,32;540;1;1;13,50;2,52;0,34
;12,00;2;6;1;97,75;660;1;1;0,61;0,84;
;30,00;7;4;4;48,08;400;1;1;16,61;3,12;0,13
;30,00;8;4;3;48,08;400;1;1;15,43;4,98;
;30,00;7;4;4;48,08;400;1;1;15,52;2,88;0,45
;30,00;8;4;4;48,08;400;0;1;15,67;4,08;0,13
;30,00;8;2;1;9,36;480;1;1;19,33;5,94;
;30,00;8;2;1;9,36;480;0;;18,97;5,04;0,27
;30,00;8;4;4;48,08;400;0;1;16,35;3,78;0,23
;30,00;7;4;4;48,08;400;0;1;23,25;4,98;0,11
;30,00;8;2;1;9,36;480;1;1;10,04;2,46;0,24
;30,00;8;2;1;13,22;510;1;1;9,78;2,40;
;30,00;8;2;1;13,22;510;1;1;23,06;3,60;0,34
;30,00;8;2;1;13,22;510;0;;17,86;3,18;0,19
;30,00;8;2;1;13,22;510;0;;14,44;3,96;
;30,00;8;4;4;48,08;400;0;1;15,95;6,84;
;30,00;10;2;2;13,22;510;0;1;9,83;2,58;
;30,00;10;2;2;13,22;510;0;;10,13;2,58;
1;12,00;6;3;1;11,57;480;0;1;36,87;8,70;
1;12,00;6;3;1;11,57;480;0;;28,57;4,32;0,35
1;12,00;5;3;1;13,80;460;0;1;15,14;3,66;0,14
1;12,00;8;3;1;13,18;460;1;1;14,86;2,46;0,18
1;12,00;5;4;1;13,80;460;0;1;15,25;3,36;0,15
1;12,00;8;3;1;11,26;480;0;1;14,87;3,54;
1;12,00;8;3;1;11,26;480;0;1;15,22;2,76;0,24
1;12,00;6;3;1;11,90;480;0;1;28,90;4,38;0,24
1;12,00;7;3;1;10,32;510;1;1;8,33;1,98;0,40
1;12,00;6;3;1;15,12;420;0;1;14,64;3,00;0,21
1;12,00;6;3;1;11,26;480;1;1;30,44;6,18;
1;12,00;7;3;1;7,39;660;1;1;14,99;2,22;0,28
1;12,00;8;4;1;15,87;420;0;1;14,76;4,92;
1;12,00;5;3;1;12,25;480;0;1;14,62;3,90;0,09
1;12,00;8;3;1;11,90;480;0;1;22,20;5,94;
;10,00;3;9;2;19,81;360;1;;42,27;8,16;
;20,00;8;3;2;9,18;660;0;;20,13;5,34;
;20,00;10;4;4;17,05;460;0;1;20,40;4,80;
;20,00;7;6;2;44,70;570;1;1;22,72;5,34;
;20,00;7;6;2;44,70;570;0;;27,84;6,18;
;20,00;10;6;4;44,70;570;0;1;18,68;5,10;
;20,00;7;6;1;44,70;570;0;1;22,22;7,20;
;20,00;10;4;4;17,05;460;0;1;28,06;5,34;
;20,00;10;6;5;37,47;570;0;1;18,87;4,50;
;20,00;8;4;3;17,05;460;0;1;30,81;5,58;0,36
;20,00;7;6;1;44,70;570;0;1;18,20;3,78;0,21
;20,00;8;3;2;9,18;660;0;1;18,64;5,88;
;20,00;10;4;3;17,05;460;0;1;17,58;2,82;0,16
;20,00;9;6;3;44,70;570;0;1;30,23;8,64;
;20,00;9;4;2;17,05;460;0;1;29,61;7,26;
;20,00;10;6;4;44,70;570;0;1;30,24;8,22;
;20,00;8;4;3;17,05;460;0;1;17,51;3,48;0,23
;20,00;9;4;2;17,05;460;0;1;19,46;4,02;0,19
;20,00;9;4;3;17,05;460;0;1;18,04;2,82;0,33
;20,00;10;6;4;44,70;570;0;1;18,13;6,24;
;20,00;8;6;2;37,47;570;0;1;18,38;6,66;
;20,00;9;4;4;17,05;460;0;1;19,72;4,08;0,21
;20,00;7;6;1;44,70;570;0;;24,00;3,60;0,21
;20,00;7;6;1;44,70;570;0;;30,03;4,02;
;20,00;7;6;1;44,70;570;0;;29,50;6,78;
;20,00;7;6;1;44,70;570;0;;30,49;8,94;
;20,00;7;6;1;44,70;570;0;;29,91;6,00;0,10
;20,00;7;3;1;9,18;660;0;;18,93;4,86;0,19
;25,00;8;4;2;12,12;660;1;1;15,29;2,82;0,20
;25,00;8;4;2;12,12;660;0;;23,69;4,38;0,22
;25,00;8;3;1;8,77;600;1;1;7,35;1,80;0,24
;25,00;8;3;1;8,77;600;0;;8,29;2,64;0,32
;25,00;8;3;1;8,77;600;0;;14,08;2,88;0,39
;25,00;8;3;1;8,77;600;0;;8,39;5,04;
;25,00;8;4;2;12,12;660;0;;22,92;4,08;0,25
;25,00;8;4;1;12,12;660;0;1;10,37;1,50;0,36
;25,00;8;4;1;12,12;660;0;;12,47;4,02;
;25,00;8;3;2;9,40;560;0;1;27,95;4,80;0,11
;25,00;8;3;2;9,40;560;0;1;33,67;3,18;0,40
;25,00;8;3;1;9,40;560;0;1;13,32;3,78;
;25,00;8;3;1;9,40;560;0;;12,61;3,30;0,13
;25,00;8;3;1;9,40;560;0;;10,92;5,94;
;25,00;8;3;2;9,40;560;0;1;16,83;1,68;0,57
;25,00;8;3;2;9,40;560;0;;18,63;3,12;0,42
;25,00;8;3;2;9,40;560;0;;26,73;4,86;0,24
;25,00;8;4;2;12,12;660;0;1;23,41;5,22;
;25,00;8;3;1;8,77;600;0;;11,23;4,80;
;25,00;8;3;1;8,77;600;0;;13,96;2,94;
;25,00;8;3;1;9,40;560;1;1;15,74;4,32;
;25,00;8;3;1;9,40;560;0;;27,42;4,86;
;25,00;8;3;2;9,40;560;1;1;15,79;3,66;
;25,00;8;3;1;9,40;560;0;1;16,74;5,28;
1;20,00;9;4;4;11,88;660;0;1;23,11;5,34;
1;20,00;2;5;1;25,80;510;1;1;0,32;0,42;
1;20,00;7;4;2;11,88;660;0;1;23,87;4,08;0,40
1;20,00;8;3;2;8,03;600;1;1;32,67;4,02;0,33
1;20,00;6;3;1;8,03;600;0;1;64,27;9,18;0,26
1;20,00;6;3;1;8,03;600;0;;40,60;10,38;
1;20,00;7;3;1;8,03;600;0;1;15,74;2,70;0,26
1;20,00;8;3;3;8,03;600;0;1;23,82;5,58;
1;20,00;7;3;1;8,03;600;0;1;41,95;9,66;
1;20,00;7;3;1;8,03;600;0;;41,07;7,68;0,09
1;20,00;8;3;3;8,03;600;0;1;61,22;9,54;0,06
1;20,00;9;4;2;11,88;660;0;1;20,86;3,00;0,29
1;20,00;7;3;3;8,03;600;0;1;60,87;9,24;0,18
1;20,00;7;3;1;8,03;600;0;1;60,45;11,88;
1;20,00;10;3;3;12,87;370;1;1;20,31;2,64;0,33
1;20,00;6;4;1;13,33;500;1;1;34,35;7,08;0,16
1;20,00;8;4;2;13,33;500;1;1;21,67;2,16;0,55
1;20,00;8;4;2;17,54;380;1;1;20,50;2,94;0,34
1;20,00;7;4;2;22,22;450;1;1;20,77;2,94;0,46
1;20,00;9;4;2;11,88;660;1;1;12,66;2,94;
1;20,00;9;4;4;22,22;450;1;1;25,00;5,88;
1;20,00;7;4;1;17,54;380;1;1;13,62;3,96;
1;20,00;6;4;1;13,33;500;0;1;12,04;4,98;
1;20,00;6;3;2;8,03;600;0;1;30,50;9,66;
1;20,00;8;3;2;8,03;600;0;1;27,13;6,12;0,15
1;20,00;8;3;2;8,03;600;0;1;3,70;11,10;
;30,00;5;3;3;8,35;570;0;1;27,53;3,84;0,49
;30,00;2;1;1;4,99;680;1;1;0,18;0,72;
;30,00;5;3;3;8,35;570;0;1;25,19;4,08;0,27
1;20,00;8;5;1;21,93;380;0;;12,45;3,18;
1;20,00;10;5;1;21,93;380;0;;15,33;2,46;
1;20,00;8;5;1;21,93;380;0;;14,01;3,66;0,09
1;20,00;10;6;1;25,06;420;0;;52,93;6,36;0,14
1;20,00;10;6;1;25,06;420;0;;26,28;4,68;0,15
1;20,00;10;6;1;25,06;420;0;;27,70;2,70;0,58
1;20,00;7;5;2;18,18;440;0;1;22,21;2,82;0,35
1;20,00;7;4;1;15,38;510;0;1;14,67;6,54;
1;20,00;7;6;1;25,00;400;0;1;16,01;5,22;
1;20,00;7;6;1;21,65;440;0;1;15,52;1,62;0,55
1;20,00;9;5;3;21,93;380;1;1;30,76;3,48;0,41
1;20,00;8;9;1;32,68;680;1;1;18,15;5,34;
1;20,00;9;6;1;25,06;420;1;1;24,83;6,36;
1;20,00;9;6;1;25,06;420;0;;51,15;8,76;0,11
1;20,00;7;5;1;21,93;380;0;1;15,45;3,66;
1;20,00;10;9;1;32,68;680;1;1;14,95;2,22;0,33
1;20,00;10;5;1;21,93;380;0;;26,83;4,62;0,14
1;20,00;10;5;1;21,93;380;0;;24,46;7,14;
1;20,00;7;5;3;21,93;380;0;1;27,75;3,00;0,20
1;20,00;6;5;1;18,18;440;0;1;15,36;6,60;
1;20,00;10;5;3;13,59;640;0;1;85,32;10,92;
1;20,00;8;4;1;19,23;400;0;1;14,12;4,44;
1;20,00;10;5;1;21,93;380;0;;26,48;7,56;
1;20,00;10;5;1;21,93;380;0;;51,97;7,08;0,25
1;20,00;10;5;1;21,93;380;0;;25,81;5,22;
1;20,00;10;5;1;21,93;380;0;;49,55;5,82;
1;20,00;10;5;1;21,93;380;0;1;15,36;2,76;0,30
1;20,00;10;5;1;21,93;380;0;;14,80;3,42;0,15
1;20,00;10;5;1;21,93;380;0;;14,49;2,28;0,34
1;20,00;10;5;1;21,93;380;0;1;33,46;4,20;0,32
1;20,00;10;5;1;21,93;380;0;;49,95;8,82;
1;20,00;10;5;1;21,93;380;0;;26,37;4,08;0,25
1;20,00;10;5;1;21,93;380;0;;47,63;5,94;0,27
1;20,00;10;5;1;21,93;380;0;1;40,14;7,08;
1;20,00;10;6;1;25,06;420;0;1;13,89;2,46;0,46
1;20,00;10;5;3;13,59;640;0;1;125,01;9,36;0,24
1;20,00;9;5;2;13,59;640;1;1;12,27;1,62;0,44
1;20,00;10;5;1;21,93;380;0;1;14,49;2,82;0,29
1;20,00;10;5;1;21,93;380;0;;13,70;4,44;
1;20,00;10;5;1;21,93;380;0;;26,11;4,14;0,18
1;20,00;10;5;1;21,16;420;1;1;14,62;3,30;
1;20,00;10;5;1;21,16;420;0;;13,40;2,76;0,17
1;20,00;10;5;1;21,16;420;0;;14,63;6,06;
1;20,00;10;5;1;21,16;420;0;;26,17;4,14;0,21
1;20,00;10;5;1;21,16;420;0;;13,01;3,42;
1;20,00;10;5;1;21,16;420;0;1;10,57;3,00;
1;20,00;10;5;1;29,76;420;0;;25,50;4,38;0,17
1;20,00;10;5;1;21,16;420;0;1;15,15;2,46;0,30
1;20,00;10;5;1;21,16;420;0;;14,25;2,94;0,21
1;20,00;10;5;1;21,16;420;0;;13,30;4,32;
1;20,00;10;5;1;21,16;420;0;;25,44;4,26;0,25
1;20,00;10;5;1;21,16;420;0;;25,32;6,36;
1;20,00;9;5;1;21,16;420;0;;25,63;2,46;0,10
1;20,00;9;5;1;21,93;380;0;1;14,20;2,64;0,27
1;20,00;9;5;1;21,93;380;0;1;27,36;4,74;
1;20,00;8;4;2;20,00;400;0;1;16,59;5,52;
1;20,00;10;5;1;29,76;420;1;1;9,07;1,38;0,38
1;20,00;10;5;1;29,76;420;0;;9,25;1,38;0,32
1;20,00;7;4;1;13,59;640;1;1;25,75;5,04;0,15
1;20,00;7;4;1;13,59;640;1;1;25,78;4,68;0,18
1;20,00;7;4;1;13,59;640;1;1;26,00;3,54;0,42
1;20,00;7;4;1;13,59;640;1;1;25,25;5,28;0,09
1;20,00;8;4;3;20,00;400;1;1;14,18;2,46;0,33
1;20,00;9;5;1;21,16;420;0;1;14,17;3,18;0,09
1;20,00;9;5;1;21,93;380;0;1;53,07;7,08;
1;20,00;9;5;1;21,93;380;0;1;52,81;8,10;
1;20,00;10;5;1;21,93;380;1;1;27,39;5,76;
1;20,00;10;5;1;21,93;380;0;;13,95;3,48;
1;20,00;10;5;1;21,93;380;0;;13,27;3,96;
1;20,00;10;5;1;21,93;380;0;;14,16;3,36;
1;20,00;10;5;1;21,93;380;0;;27,08;4,74;
1;20,00;10;5;1;21,93;380;0;;54,63;6,66;0,15
1;20,00;10;5;1;21,93;380;0;;25,38;4,98;
1;20,00;10;5;1;21,93;380;0;;26,32;5,64;
1;20,00;9;5;1;21,93;380;0;;27,54;4,26;0,38
1;20,00;9;5;1;21,93;380;0;;25,28;4,80;0,16
1;20,00;10;5;1;21,93;380;0;;67,15;13,20;
1;20,00;10;5;1;21,93;380;0;;53,53;10,38;
1;20,00;10;5;1;21,93;380;0;;52,30;6,96;0,13
1;20,00;10;5;1;21,93;380;0;;101,71;11,76;
1;20,00;10;5;1;21,93;380;0;;102,03;8,34;0,08
1;20,00;10;5;1;21,93;380;0;;27,77;7,56;
1;20,00;9;6;1;25,06;420;0;;27,30;6,06;0,15
1;20,00;9;6;1;25,06;420;0;;25,72;4,20;0,12
1;20,00;9;6;1;25,06;420;0;;25,06;6,24;
1;20,00;10;5;1;21,93;380;0;;95,90;10,02;
1;20,00;10;5;1;21,93;380;0;;97,78;6,60;0,13
1;20,00;10;5;1;21,93;380;0;;40,44;4,32;0,28
1;20,00;9;6;1;25,06;420;0;;26,89;7,50;
1;20,00;9;6;1;25,06;420;0;;50,26;6,60;0,02
1;20,00;9;6;1;25,06;420;0;;51,80;8,28;0,12
1;20,00;10;6;1;25,14;645;0;;27,93;5,10;
1;20,00;10;6;1;25,14;645;0;;49,36;2,40;0,31
1;20,00;9;6;1;25,06;420;0;;51,40;8,70;
1;20,00;10;6;1;25,06;420;0;;26,35;4,50;
1;20,00;10;6;1;25,06;420;0;;25,74;4,98;
1;20,00;10;6;1;25,06;420;0;;26,18;5,22;0,27
1;20,00;10;6;1;25,06;420;0;;25,96;5,64;
1;20,00;9;6;1;25,06;420;0;;54,34;11,22;
1;20,00;9;6;1;25,06;420;0;;53,79;9,66;
;25,00;6;3;3;8,35;570;0;1;22,74;6,66;
;23,00;9;3;1;12,05;400;0;1;40,10;5,46;
;23,00;9;3;1;12,05;400;0;;7,32;2,94;
;23,00;9;3;1;12,05;400;0;;40,28;7,08;
;23,00;9;3;1;12,05;400;0;;29,64;11,46;
;23,00;9;3;1;12,05;400;0;;21,46;7,80;
;23,00;9;3;1;12,05;400;0;;4,18;1,92;
;23,00;8;3;1;12,05;400;1;1;3,10;0,60;0,38
;23,00;8;3;3;12,05;400;0;1;12,62;4,08;
;23,00;8;3;3;12,05;400;0;1;12,63;3,24;
;23,00;9;3;2;12,05;400;0;1;13,79;3,78;
;23,00;8;3;1;12,05;400;0;1;1,78;0,48;
;23,00;8;3;1;12,05;400;0;1;4,40;1,20;
;23,00;8;3;2;12,05;400;0;1;6,32;1,92;
;23,00;8;3;1;12,05;400;0;1;4,42;1,08;0,25
;23,00;8;3;3;12,05;400;1;1;12,32;1,14;0,63
;23,00;8;3;1;12,05;400;0;1;4,26;0,84;0,45
;23,00;8;3;1;12,05;400;0;;4,34;1,86;
;23,00;8;3;1;12,05;400;1;1;4,21;2,22;
;23,00;8;3;1;12,05;400;1;1;4,32;1,50;
;23,00;8;3;2;12,05;400;0;1;13,04;4,20;
;23,00;8;3;2;12,05;400;0;1;6,63;1,56;0,31
;23,00;8;3;1;12,05;400;0;1;2,41;0,36;0,67
;23,00;9;3;1;10,04;480;1;1;5,19;1,86;
;23,00;8;3;1;12,05;400;1;1;4,03;1,08;
;23,00;8;3;1;12,05;400;1;1;4,87;2,10;
;23,00;8;3;1;12,05;400;1;1;4,77;1,92;
;23,00;8;3;3;12,05;400;0;1;12,05;2,52;
;23,00;8;3;1;12,05;400;1;1;7,23;1,80;0,27
;23,00;8;3;1;12,05;400;0;;11,10;2,10;0,41
;23,00;8;3;1;12,05;400;0;;4,53;9,06;
;23,00;8;3;1;12,05;400;0;;4,63;0,84;0,35
;23,00;5;3;1;12,05;400;1;1;4,68;2,34;
;23,00;5;3;1;12,05;400;1;1;4,62;2,94;
;23,00;5;3;1;12,05;400;0;;4,33;1,38;0,24
;23,00;5;3;1;12,05;400;0;;4,58;0,96;0,45
;23,00;8;3;1;12,05;400;0;1;12,78;5,28;
;23,00;8;3;1;12,05;400;0;;12,94;5,34;
;23,00;8;3;1;12,05;400;0;;4,10;8,22;
;23,00;8;3;1;12,05;400;0;;14,06;3,78;0,24
;23,00;8;3;1;12,05;400;0;1;8,91;2,40;
;23,00;8;3;1;12,05;400;0;;4,61;2,10;
;23,00;8;3;2;12,05;400;1;1;12,38;3,00;
;23,00;8;3;1;12,05;400;0;1;4,68;0,54;0,66
;23,00;5;3;1;12,05;400;1;1;3,76;1,02;0,47
;23,00;5;3;1;12,05;400;0;;4,49;1,08;0,53
;23,00;5;3;1;12,05;400;0;;4,63;2,34;
;23,00;8;3;1;12,05;400;0;;4,00;1,74;
;23,00;8;3;1;12,05;400;1;1;4,42;0,78;0,51
;23,00;8;3;1;12,05;400;0;;3,87;0,60;0,63
;23,00;8;3;2;12,05;400;0;1;32,37;4,38;0,10
;23,00;8;3;1;12,05;400;1;1;3,39;0,72;0,32
;23,00;8;3;1;12,05;400;1;1;3,96;1,02;0,30
;23,00;9;3;1;10,04;480;1;1;3,91;0,48;0,63
;23,00;8;3;1;12,05;400;1;1;4,32;1,26;
;23,00;8;3;1;12,05;400;1;1;4,56;1,38;
;23,00;8;3;1;12,05;400;0;;4,84;1,44;0,65
;23,00;8;3;1;12,05;400;0;;6,68;3,06;
;23,00;8;3;1;12,05;400;1;1;4,64;1,20;
;23,00;8;3;1;12,05;400;0;;65,02;5,64;0,09
;23,00;8;3;1;12,05;400;0;;70,80;7,14;0,07
;23,00;8;3;1;12,05;400;0;;53,69;3,90;0,28
;23,00;8;3;1;12,05;400;0;;29,70;6,12;
;23,00;8;3;2;12,05;400;0;1;16,72;4,38;
;23,00;6;3;1;12,05;400;1;1;3,54;1,14;
;23,00;8;3;1;12,05;400;1;1;4,05;0,78;0,44
;23,00;8;3;1;12,05;400;0;;4,67;1,20;0,13
;23,00;8;3;1;12,05;400;1;1;3,95;0,84;0,34
;23,00;9;3;2;12,05;400;0;1;12,59;4,20;
;23,00;9;3;2;12,05;400;0;;40,59;5,94;0,13
;23,00;8;3;1;12,05;400;1;1;40,78;5,94;
;23,00;8;3;3;12,05;400;1;1;13,12;2,04;0,23
;23,00;8;3;1;12,05;400;1;1;2,05;1,02;
;23,00;8;3;1;12,05;400;0;;4,64;1,20;0,13
;23,00;5;3;1;12,05;400;1;1;4,21;2,52;
;23,00;5;3;1;12,05;400;0;;4,50;1,02;0,39
;23,00;5;3;1;12,05;400;0;;3,93;0,72;0,38
;23,00;8;3;1;12,05;400;0;;4,51;2,46;
;23,00;6;3;1;12,05;400;1;1;4,25;1,92;
;23,00;6;3;1;12,05;400;0;;4,44;2,52;
;23,00;6;3;1;12,05;400;0;;3,62;1,44;0,20
;23,00;6;3;1;12,05;400;0;;4,32;0,66;0,65
;23,00;8;3;1;12,05;400;1;1;3,89;1,32;
;23,00;8;3;1;12,05;400;0;;4,58;1,26;0,26
;23,00;8;3;1;12,05;400;1;1;3,43;0,78;0,22
;23,00;8;3;1;12,05;400;1;1;4,09;1,68;
;23,00;8;3;1;12,05;400;0;;4,66;2,52;
;23,00;8;3;1;12,05;400;1;1;12,24;2,64;0,25
;23,00;8;3;1;12,05;400;0;;10,91;2,58;0,24
;23,00;9;3;1;10,04;480;0;;4,10;2,04;
;23,00;9;3;1;10,04;480;0;;12,25;1,74;0,40
;23,00;9;3;1;10,04;480;0;;10,66;1,20;0,64
;23,00;9;3;1;10,04;480;0;;13,30;1,62;0,54
;23,00;8;3;1;12,05;400;1;1;4,65;0,96;0,34
;23,00;8;3;1;12,05;400;1;1;2,43;0,96;
;23,00;8;3;1;12,05;400;1;1;4,44;1,44;0,11
;23,00;8;3;2;12,05;400;1;1;13,55;2,46;0,50
;23,00;6;3;2;12,05;400;1;1;13,17;3,78;
;23,00;8;3;1;12,05;400;1;1;6,19;1,74;
;23,00;8;3;1;12,05;400;1;1;6,31;1,74;
;23,00;9;3;1;10,04;480;1;1;14,43;2,22;0,46
;23,00;6;3;1;12,05;400;0;;4,08;1,74;0,07
;23,00;8;3;1;12,05;400;1;1;21,26;2,64;0,50
;23,00;8;3;1;12,05;400;1;1;21,04;9,36;
;23,00;8;3;1;12,05;400;0;;25,77;4,68;
;23,00;8;3;1;12,05;400;0;;56,45;6,48;0,15
;23,00;8;3;1;12,05;400;0;;25,17;4,14;0,27
;23,00;8;3;1;12,05;400;1;1;4,56;3,42;
;23,00;8;3;1;12,05;400;1;1;5,01;2,10;
;23,00;6;3;1;12,05;400;0;1;4,66;4,68;
;23,00;6;3;1;12,05;400;0;;4,65;0,66;0,64
;23,00;6;3;1;12,05;400;0;1;4,87;1,50;
;23,00;6;3;1;12,05;400;0;;4,56;1,98;0,21
;23,00;8;3;1;18,07;400;1;1;2,09;0,66;0,22
;23,00;8;3;1;18,07;400;1;1;2,38;0,48;0,46
;23,00;8;3;1;18,07;400;0;;4,53;1,44;
;23,00;8;3;1;12,05;400;1;1;4,04;0,72;0,45
;23,00;8;3;1;12,05;400;1;1;4,43;1,44;
;23,00;8;3;1;12,05;400;0;;4,31;0,84;0,41
;23,00;8;3;1;12,05;400;0;;4,64;1,56;
;23,00;8;3;1;18,07;400;1;1;2,21;0,66;0,18
;23,00;8;3;1;18,07;400;1;;4,14;1,08;0,17
;23,00;8;3;1;7,77;620;1;1;2,55;0,72;0,38
;23,00;8;3;3;12,05;400;1;1;5,47;1,44;
;23,00;8;3;1;12,05;400;1;1;6,93;1,38;0,34
;23,00;8;3;1;12,05;400;0;;7,99;2,04;0,19
;23,00;8;3;1;12,05;400;0;;4,49;0,72;0,54
;23,00;8;3;2;14,06;400;1;1;14,77;1,26;0,64
;23,00;8;3;1;12,05;400;1;1;4,11;0,36;0,77
;23,00;8;3;1;12,05;400;0;;4,53;1,62;
;23,00;8;3;1;12,05;400;1;1;2,41;0,36;0,60
;23,00;9;3;1;12,05;400;0;;10,85;4,50;
;23,00;9;3;1;12,05;400;0;;4,21;1,20;0,10
;23,00;9;3;1;12,05;400;1;1;17,66;2,64;0,10
;23,00;9;3;1;12,05;400;1;1;38,43;4,80;0,08
;23,00;8;3;3;12,05;400;1;1;7,45;0,84;0,64
;23,00;8;3;1;12,05;400;1;1;3,22;0,78;0,42
;23,00;9;3;1;12,05;400;0;;28,64;3,54;0,42
;23,00;9;3;1;12,05;400;1;1;14,27;4,50;
;23,00;9;3;1;12,05;400;0;;13,10;2,94;0,23
;23,00;9;3;1;12,05;400;0;;18,35;2,94;0,36
;23,00;9;3;1;12,05;400;0;;4,02;6,06;
;23,00;9;3;1;12,05;400;0;;10,92;3,96;
;23,00;9;3;1;12,05;400;0;;29,69;4,38;
;23,00;9;3;1;12,05;400;0;;64,83;12,54;
;23,00;9;3;1;12,05;400;0;;50,02;4,74;
;23,00;9;3;1;12,05;400;0;;8,95;1,86;0,17
;23,00;9;3;1;12,05;400;0;;53,95;8,28;
;23,00;9;3;1;12,05;400;0;;43,70;6,72;0,15
;23,00;9;3;1;12,05;400;0;;8,94;3,18;
;23,00;9;3;1;12,05;400;0;;17,76;7,08;
;23,00;9;3;1;12,05;400;0;;17,52;2,94;0,30
;23,00;9;3;1;12,05;400;0;;21,59;3,72;0,20
;23,00;9;3;1;12,05;400;1;1;54,29;6,66;0,04
;23,00;9;3;1;12,05;400;0;;31,44;5,10;
;25,00;6;5;1;37,21;500;0;;23,84;2,94;0,49
;25,00;8;4;3;22,32;480;0;1;11,04;2,04;0,09
;25,00;9;3;1;12,82;400;0;1;9,84;2,16;0,22
;25,00;5;4;1;25,51;420;0;1;11,77;4,44;
;25,00;5;4;1;22,32;480;0;1;11,62;1,86;0,55
;25,00;10;3;2;12,82;400;0;1;32,32;3,66;0,43
;25,00;8;4;3;22,32;480;0;1;17,78;5,34;
;25,00;6;4;2;22,32;480;0;1;15,91;3,12;0,43
;25,00;10;3;1;12,82;400;0;1;12,26;5,64;
;25,00;10;3;1;12,82;400;0;;14,89;2,46;0,19
;25,00;9;3;1;12,82;400;0;1;10,88;3,12;
;20,00;8;4;2;13,23;600;0;;10,57;2,46;
;20,00;7;5;1;25,51;480;0;1;12,68;3,12;0,24
